Table 1,,,,,
Title,Publisher,Genres,Genre as an Int,User Score,User Ratings Count
Nidhogg,Messhof,Action,0,6.9,156
Ninjala,"GungHo Online Entertainment America, Inc.",Action,0,6.5,172
Rambo: The Video Game,Reef Entertainment,Action,0,1.6,332
CounterSpy,SCEA,Action,0,6.7,174
Kinect Star Wars,Microsoft Game Studios,Action,0,3.9,162
Downwell,Devolver Digital,Action,0,6.8,144
Quantum Break,Microsoft Game Studios,Action,0,7.3,2315
Happy Wars,Microsoft Game Studios,Action,0,7,132
Fuse (2013),Electronic Arts,Action,0,5.8,141
Batman: Arkham VR,Warner Bros. Interactive Entertainment,Action,0,7.3,191
Toukiden,Tecmo Koei Games,Action,0,8.4,130
Party Hard,tinyBuild,Action,0,7.4,103
War of the Roses,Paradox Interactive,Action,0,5.8,282
Ace of Spades: Battle Builder,Jagex Games Studio,Action,0,5.2,498
Battletoads,Xbox Game Studios,Action,0,6.5,735
Volgarr the Viking,Adult Swim,Action,0,7.8,106
Star Wars: The Force Unleashed II,LucasArts,Action,0,6,278
Senran Kagura: Estival Versus,XSEED Games,Action,0,7.9,170
Marvel's Avengers,Square Enix,Action,0,4.9,2630
Senran Kagura Shinovi Versus,XSEED Games,Action,0,7.9,142
Need for Speed: Underground,Electronic Arts,Racing,4,8.6,208
Shift 2: Unleashed,Electronic Arts,Racing,4,6.7,115
F1 2018,Codemasters,Racing,4,7.8,107
Forza Horizon 5,Xbox Game Studios,Racing,4,8.2,4402
Driveclub VR,Sony Interactive Entertainment,Racing,4,6.9,136
Gran Turismo,SCEA,Racing,4,8.6,477
Gran Turismo Sport,Sony Interactive Entertainment,Racing,4,6.1,1934
F1 2020,Codemasters,Racing,4,7.9,231
MotorStorm,SCEA,Racing,4,7.3,193
Driveclub,SCEA,Racing,4,6.4,1808
Gran Turismo 3: A-Spec,SCEA,Racing,4,8.4,378
Midnight Club: Los Angeles,Rockstar Games,Racing,4,8.2,111
F1 2017,Codemasters,Racing,4,7.5,101
Forza Motorsport 6,Microsoft Game Studios,Racing,4,7.7,960
Forza Horizon 2: Storm Island,Microsoft Game Studios,Racing,4,7.6,100
Need for Speed: Most Wanted,Electronic Arts,Racing,4,5.7,349
Colin McRae Rally 2.0,Codemasters,Racing,4,8.8,112
Forza Horizon 3: Blizzard Mountain,Microsoft Game Studios,Racing,4,7.8,107
Forza Motorsport 3,Microsoft Game Studios,Racing,4,8.2,447
DiRT 2,Codemasters,Racing,4,8.3,118
Forza Motorsport 4,Microsoft Game Studios,Racing,4,8.4,775
DiRT 5,Codemasters,Racing,4,5.1,167
DiRT Rally,Codemasters,Racing,4,7.9,315
Forza Horizon 3,Microsoft Game Studios,Racing,4,8.2,1327
Driveclub Bikes,SCEA,Racing,4,7.4,127
DiRT 3,Codemasters,Racing,4,7.1,196
Forza Motorsport 2,Microsoft Game Studios,Racing,4,7.9,203
F1 2010,Codemasters,Racing,4,8.1,100
Gran Turismo 6,SCEA,Racing,4,7.9,1014
MotorStorm: Apocalypse,SCEA,Racing,4,7.9,201
MotorStorm: Pacific Rift,SCEA,Racing,4,8.1,174
Forza Horizon 3: Hot Wheels,Microsoft Game Studios,Racing,4,7.9,113
Trials Evolution,Microsoft Game Studios,Racing,4,8,293
Forza Horizon 5: Hot Wheels,Xbox Game Studios,Racing,4,7.7,197
DiRT 4,Codemasters,Racing,4,7.5,193
GRID 2,Codemasters,Racing,4,5.9,173
F1 2019,Codemasters,Racing,4,7.6,123
Forza Motorsport 5,Microsoft Game Studios,Racing,4,6,1173
Gran Turismo 5,SCEA,Racing,4,7.8,1370
Need for Speed,Electronic Arts,Racing,4,6.9,1405
Gran Turismo 2,SCEA,Racing,4,8.9,399
The Crew,Ubisoft,Racing,4,5.4,690
Project CARS 3,Bandai Namco Games,Racing,4,3.9,119
F1 2016,Codemasters,Racing,4,7.8,137
Need for Speed: Underground 2,Electronic Arts,Racing,4,8.7,239
F1 22,Electronic Arts,Racing,4,3.9,123
Forza Horizon 4,Microsoft Game Studios,Racing,4,8.3,1956
Forza Horizon,Microsoft Game Studios,Racing,4,8.7,772
Gran Turismo 4,SCEA,Racing,4,9.2,877
GRID,Codemasters,Racing,4,6,113
Trials HD,Microsoft Game Studios,Racing,4,8.2,130
DiRT Rally 2.0,Codemasters,Racing,4,6.3,217
Need for Speed World,EA Games,Racing,4,5.8,162
Forza Horizon 2,Microsoft Game Studios,Racing,4,8.3,1244
Project Gotham Racing 4,Microsoft Game Studios,Racing,4,8.3,112
Assetto Corsa,505 Games,Racing,4,6.3,135
Gran Turismo 7,PlayStation Studios,Racing,4,2.4,11496
Project CARS 2,Bandai Namco Games,Racing,4,6,220
Forza Motorsport 7,Microsoft Game Studios,Racing,4,6.5,1105
Forza Motorsport,Xbox Game Studios,Racing,4,7.4,986
Forza Horizon 2 Presents Fast & Furious,Microsoft Game Studios,Racing,4,7.5,140
Need for Speed: Rivals,Electronic Arts,Racing,4,6.2,936
Project CARS,Bandai Namco Games,Racing,4,7.2,511
GRID Legends,Electronic Arts,Racing,4,6,102
Need for Speed: The Run,Electronic Arts,Racing,4,6.5,206
Midnight Club 3: DUB Edition Remix,Rockstar Games,Racing,4,9.1,148
Gothic 3,Aspyr,RPG,6,7.5,832
Game of Thrones,Atlus,RPG,6,5.2,130
Pillars of Eternity II: Deadfire,Versus Evil,RPG,6,7.8,762
The Elder Scrolls V: Skyrim - Dragonborn,Bethesda Softworks,RPG,6,8.2,206
Star Wars: Knights of the Old Republic II - The Sith Lords,LucasArts,RPG,6,8.8,191
The Elder Scrolls V: Skyrim - Hearthfire,Bethesda Softworks,RPG,6,5.8,107
Baldur's Gate,Interplay,RPG,6,8.8,915
Shin Megami Tensei: Strange Journey,Atlus,RPG,6,5.2,267
Starfield,Bethesda Softworks,RPG,6,6.9,11654
The Elder Scrolls V: Skyrim,Bethesda Softworks,RPG,6,8.6,5079
Mount & Blade: Warband,Paradox Interactive,RPG,6,8.9,1346
Neverwinter Nights 2,Atari SA,RPG,6,7.4,439
Baldur's Gate II: Throne of Bhaal,Interplay,RPG,6,8.8,350
Arcanum: Of Steamworks and Magick Obscura,Sierra Entertainment,RPG,6,8.6,368
Baldur's Gate II: Shadows of Amn,Interplay,RPG,6,9.1,1547
Shin Megami Tensei: Strange Journey Redux,Atlus,RPG,6,5.4,297
The Age of Decadence,Iron Tower Studio,RPG,6,7.9,243
Dragon Age: Inquisition,Electronic Arts,RPG,6,6.1,4940
Divinity: Original Sin II - Definitive Edition,Larian Studios Games,RPG,6,8.1,614
The Technomancer,Focus Home Interactive,RPG,6,6.8,163
Dragon Age: Origins,Electronic Arts,RPG,6,8.4,715
The Outer Worlds,Private Division,RPG,6,7.9,1561
Star Wars: Knights of the Old Republic,LucasArts,RPG,6,9,458
Pillars of Eternity: The White March - Part 1,Paradox Interactive,RPG,6,7.6,153
The Bard's Tale IV: Barrows Deep,InXile Entertainment,RPG,6,6.5,102
The Elder Scrolls III: Morrowind,Bethesda Softworks,RPG,6,8.5,151
Divinity: Original Sin Enhanced Edition,Focus Home Interactive,RPG,6,8,634
Planescape: Torment - Enhanced Edition,Beamdog,RPG,6,7.5,143
Fallout 4: Far Harbor,Bethesda Softworks,RPG,6,6.6,223
Gauntlet (2014),Warner Bros. Interactive Entertainment,RPG,6,7.1,188
Icewind Dale II,Interplay,RPG,6,8.3,189
Baldur's Gate: Enhanced Edition,Beamdog,RPG,6,6.8,455
Neverwinter Nights 2: Mask of The Betrayer,Atari SA,RPG,6,8.4,185
Etrian Odyssey Untold: The Millennium Girl,Atlus,RPG,6,8.3,101
Disco Elysium,ZA/UM,RPG,6,8.5,1517
Fallout: New Vegas,Bethesda Softworks,RPG,6,8.8,1585
Fallout 4,Bethesda Softworks,RPG,6,6.8,6405
E.Y.E: Divine Cybermancy,Streum On Studio,RPG,6,6.9,188
Pathfinder: Kingmaker,Deep Silver,RPG,6,7.4,611
Fallout 76,Bethesda Softworks,RPG,6,2.8,6860
Fallout 3,Bethesda Softworks,RPG,6,8.5,1751
Fallout 2,Interplay,RPG,6,9.1,1633
Elex,THQ Nordic,RPG,6,7,1331
Divinity: Original Sin,Larian Studios Games,RPG,6,8.6,2313
Vampire: The Masquerade - Redemption,Activision,RPG,6,8.2,135
The Elder Scrolls III: Bloodmoon,Bethesda Softworks,RPG,6,8.2,113
Drakensang: The Dark Eye,THQ,RPG,6,8,131
Shadowrun: Hong Kong,Harebrained Schemes LLC,RPG,6,7.7,260
Icewind Dale,Interplay,RPG,6,8.3,271
Hogwarts Legacy,Warner Bros. Interactive Entertainment,RPG,6,8.5,4144
Wasteland 2,InXile Entertainment,RPG,6,7.2,1217
Baldur's Gate II: Enhanced Edition,Beamdog,RPG,6,7.6,437
The Outer Worlds: Peril on Gorgon,Private Division,RPG,6,6.6,102
Fallout 4: Nuka-World,Bethesda Softworks,RPG,6,6,124
ATOM RPG,Atent Games,RPG,6,7.9,178
Pillars of Eternity: Complete Edition,Paradox Interactive,RPG,6,7,133
Fallout 76: Wastelanders,Bethesda Softworks,RPG,6,5.7,116
Disco Elysium: The Final Cut,ZA/UM,RPG,6,8.2,572
Planescape: Torment,Interplay,RPG,6,9.1,1045
Vampire: The Masquerade - Bloodlines,Activision,RPG,6,8.9,940
The Elder Scrolls V: Skyrim VR,Bethesda Softworks,RPG,6,8,289
Fallout 4: Automatron,Bethesda Softworks,RPG,6,6.3,133
Mount & Blade,Paradox Interactive,RPG,6,8.1,308
The Elder Scrolls III: Morrowind - Game of the Year Edition,Bethesda Softworks,RPG,6,8.5,128
Dragon Age: Inquisition - Trespasser,BioWare,RPG,6,7.7,143
Neverwinter Nights: Hordes of the Underdark,Atari SA,RPG,6,8.3,133
The Elder Scrolls V: Skyrim - Dawnguard,Bethesda Softworks,RPG,6,7.2,281
Gothic 3: Forsaken Gods,JoWooD Entertainment AG,RPG,6,3.1,172
The Elder Scrolls V: Skyrim Anniversary Edition,Bethesda Softworks,RPG,6,4.9,118
ELEX II,THQ Nordic,RPG,6,7.1,127
Lords of Xulima,Numantian Games,RPG,6,7.8,129
Baldur's Gate: Siege of Dragonspear,Beamdog,RPG,6,3.9,585
Divinity: Original Sin II,Larian Studios Games,RPG,6,8.8,2671
Pillars of Eternity,Paradox Interactive,RPG,6,8.2,2722
Pathfinder: Wrath of the Righteous,Owlcat Games,RPG,6,7.7,394
Fallout,Interplay,RPG,6,8.8,1471
Neverwinter Nights: Shadows of Undrentide,Atari SA,RPG,6,7.6,100
Etrian Odyssey IV: Legends of the Titan,Atlus,RPG,6,8.3,178
Gothic II,Atari SA,RPG,6,9,1283
Tyranny,Paradox Interactive,RPG,6,7.8,671
Neverwinter Nights,Infogrames,RPG,6,8.2,639
Shin Megami Tensei,Index Corporation,RPG,6,4,141
The Elder Scrolls IV: Knights of the Nine,Bethesda Softworks,RPG,6,7,102
Mount & Blade II: Bannerlord,Taleworlds Entertainment,RPG,6,8.1,240
Fallout: New Vegas - Old World Blues,Bethesda Softworks,RPG,6,8.2,124
Torment: Tides of Numenera,Techland,RPG,6,6.9,445
Icewind Dale: Enhanced Edition,Beamdog,RPG,6,7.5,150
Alpha Protocol,Sega,RPG,6,7.3,128
Wasteland 2: Director's Cut,Deep Silver,RPG,6,7.5,216
Baldur's Gate 3,Larian Studios Games,RPG,6,8.9,15511
Sword Coast Legends,Digital Extremes,RPG,6,5.5,247
Mount & Blade: With Fire & Sword,Paradox Interactive,RPG,6,6.9,260
Pillars of Eternity: The White March - Part 2,Paradox Interactive,RPG,6,7.5,167
The Elder Scrolls IV: Oblivion,2K Games,RPG,6,8.8,1210
The Elder Scrolls V: Skyrim Special Edition,Bethesda Softworks,RPG,6,8.3,842
Mass Effect,Microsoft Game Studios,RPG,6,8.7,1606
Dragon Age: Inquisition - Jaws Of Hakkon,Electronic Arts,RPG,6,6,107
Legend of Grimrock II,Almost Human,RPG,6,8,383
Dragon Age: Origins - Awakening,Electronic Arts,RPG,6,8,516
Fairy Tail,Koei Tecmo Games,RPG,6,7.1,125
Child of Light,Ubisoft,RPG,6,8,665
Paper Mario: The Origami King,Nintendo,RPG,6,7,1810
Shin Megami Tensei: Devil Summoner 2: Raidou Kuzunoha vs. King Abaddon,Atlus,RPG,6,4.5,214
Evoland,Shiro Games,RPG,6,6.7,217
Miitopia,Nintendo,RPG,6,8.2,110
Stardew Valley,Chucklefish,RPG,6,8.8,1848
South Park: The Stick of Truth,Ubisoft,RPG,6,8.6,2393
Shin Megami Tensei: Devil Summoner - Raidou Kuzunoha vs. the Soulless Army,Atlus,RPG,6,4.4,212
LISA,Dingaling,RPG,6,8.8,195
Underrail,Stygian Software,RPG,6,7.8,186
Ruined King: A League of Legends Story,Riot Forge,RPG,6,7.7,130
Legend of Grimrock,Almost Human,RPG,6,8.1,728
Dungeons & Dragons: Dark Alliance,Wizards of the Coast,RPG,6,3.3,127
Darkest Dungeon,Red Hook Studios,RPG,6,7.9,899
Eastward,Chucklefish,RPG,6,7,120
Fantasy Life,Nintendo,RPG,6,8.4,282
Shin Megami Tensei V,Atlus,RPG,6,7.5,774
Kenshi,Lo-Fi Games,RPG,6,8.5,297
Honkai: Star Rail,miHoYo,RPG,6,6.5,238
South Park: The Fractured But Whole,Ubisoft,RPG,6,7.8,608
Pyre,Supergiant Games,RPG,6,7.9,185
New World,Amazon Game Studios,RPG,6,5.6,976
Loop Hero,Devolver Digital,RPG,6,7.9,201
Expeditions: Conquistador,Logic Artists,RPG,6,8,220
Granblue Fantasy: Relink,Cygames,RPG,6,8.5,120
Space Rangers 2: Rise of the Dominators,Cinemaware,RPG,6,8.8,287
Neon White,Annapurna Interactive,FPS,2,8.4,190
Far Cry 3: Blood Dragon,Ubisoft,FPS,2,8.4,413
Half-Life,Sierra Entertainment,FPS,2,9.1,4847
Dark Messiah of Might and Magic,Ubisoft,FPS,2,8.6,505
Rise of the Triad,Apogee Games,FPS,2,6.6,238
Metroid Prime 3: Corruption,Nintendo,FPS,2,8.7,460
Battlefield: Bad Company 2 Vietnam,EA Games,FPS,2,8.1,113
Far Cry 2,Ubisoft,FPS,2,6.6,280
BioShock,2K Games,FPS,2,9,2598
Killzone HD,SCEA,FPS,2,6.5,112
Crysis Warhead,Electronic Arts,FPS,2,7.9,573
DOOM 3,Activision,FPS,2,7.9,1093
Resistance: Burning Skies,SCEA,FPS,2,6.9,281
BioShock 2: Minerva's Den,2K Games,FPS,2,8.8,112
Deadfall Adventures,Nordic Games Publishing,FPS,2,6.9,176
Crysis Remastered,Crytek,FPS,2,8.1,105
DOOM (1993),Activision,FPS,2,8.6,189
Aliens vs. Predator,Sega,FPS,2,7.2,128
Metroid Prime Remastered,Nintendo,FPS,2,8.7,1241
Perfect Dark (2000),Microsoft Game Studios,FPS,2,8.1,110
Unreal Tournament 2003,Infogrames,FPS,2,7.8,119
Borderlands: The Pre-Sequel,2K Games,FPS,2,6.5,1066
BioShock Infinite: Burial at Sea - Episode One,2K Games,FPS,2,7.8,675
RAGE 2,Bethesda Softworks,FPS,2,5.8,881
Resistance 3,SCEA,FPS,2,7.9,717
Quake 4,Activision,FPS,2,7.6,338
Ion Fury,1C Entertainment,FPS,2,7,298
Far Cry New Dawn,Ubisoft,FPS,2,5.1,821
Postal 2,Whiptail Interactive,FPS,2,8.1,718
Serious Sam: The First Encounter,Gathering,FPS,2,8.4,418
Resistance: Fall of Man,SCEA,FPS,2,7.8,508
Destiny 2,Activision,FPS,2,5,2702
GoldenEye 007 (2010),Activision,FPS,2,7.8,225
Serious Sam: The Second Encounter,Gathering,FPS,2,8.6,314
Black Mesa,Black Mesa Modification Team,FPS,2,8.8,1267
The Operative: No One Lives Forever,Fox Interactive,FPS,2,8.6,227
Halo 4,Microsoft Game Studios,FPS,2,7.1,3971
Medal of Honor (1999),Electronic Arts,FPS,2,8.9,285
Killing Floor,Tripwire Interactive,FPS,2,8.3,783
TimeSplitters 2,Eidos Interactive,FPS,2,8.7,155
RoboCop: Rogue City,Nacon,FPS,2,8.5,312
Star Wars Jedi Knight: Jedi Academy,LucasArts,FPS,2,8.6,501
Killing Floor 2,Deep Silver,FPS,2,7.1,224
Battlefield 4,Electronic Arts,FPS,2,6.3,4240
Tactical Intervention,OGPlanet,FPS,2,6,121
Depth,Digital Confectioners,FPS,2,7.7,128
Call of Duty: Black Ops III,Activision,FPS,2,5.4,2989
Destiny,Activision,FPS,2,6.1,5646
Far Cry 3,Ubisoft,FPS,2,8.4,5355
Far Cry,Ubisoft,FPS,2,7.9,1127
Call of Duty: WWII,Activision,FPS,2,5.2,2193
Half-Life 2: Episode One,Valve Software,FPS,2,8.7,1743
BioShock Infinite,2K Games,FPS,2,8.6,10242
Killzone,SCEA,FPS,2,7.6,249
Bulletstorm: Full Clip Edition,Gearbox Publishing,FPS,2,7.1,176
Blacklight: Retribution,Perfect World Entertainment,FPS,2,7.6,360
DOOM 3: Resurrection of Evil,Activision,FPS,2,7.8,172
Payday 3,Deep Silver,FPS,2,3.1,325
Dead Island: Riptide,Deep Silver,FPS,2,6.4,230
Hard Reset,Flying Wild Hog,FPS,2,7.3,374
DUST 514,CCP,FPS,2,6.1,225
Halo: Combat Evolved Anniversary,Microsoft Game Studios,FPS,2,8,700
Portal 2,Valve Software,FPS,2,8.9,1765
Painkiller: Hell & Damnation,Nordic Games Publishing,FPS,2,6.5,196
Serious Sam 4: Planet Badass,Devolver Digital,FPS,2,7.1,348
Bulletstorm,Electronic Arts,FPS,2,7.7,492
Wolfenstein II: The New Colossus,Bethesda Softworks,FPS,2,7.5,1705
Serious Sam HD: The First Encounter,Devolver Digital,FPS,2,8,232
Torrente,O3 Entertainment,FPS,2,4.3,152
Call of Duty: Black Ops II,Activision,FPS,2,5.6,2833
Battlefield: Bad Company 2,EA Games,FPS,2,8.3,525
Singularity,Activision,FPS,2,7.8,120
Blood (1997),GT Interactive,FPS,2,8.8,147
Orion: Dino Horde,Spiral Game Studios,FPS,2,5.7,404
Killzone: Shadow Fall,SCEA,FPS,2,6.9,2642
Medal of Honor: Pacific Assault,EA Games,FPS,2,7.1,216
Vietcong (2003),Gathering,FPS,2,8.5,110
Destiny 2: Shadowkeep,Bungie,FPS,2,5.6,103
Deathloop,Bethesda Softworks,FPS,2,6.7,1720
Far Cry 4,Ubisoft,FPS,2,7.8,2760
Destiny 2: Lightfall,Bungie,FPS,2,3,107
Medal of Honor,Electronic Arts,FPS,2,6.8,317
Immortals of Aveum,Electronic Arts,FPS,2,6,117
DOOM Eternal,Bethesda Softworks,FPS,2,8.8,5846
Red Orchestra 2: Heroes of Stalingrad,Tripwire Interactive,FPS,2,7.3,773
Wolfenstein: The Old Blood,Bethesda Softworks,FPS,2,8,633
Clive Barker's Undying,Electronic Arts,FPS,2,8.6,171
Titanfall,Electronic Arts,FPS,2,6.8,2576
Portal,Valve Software,FPS,2,8.9,4712
Duke Nukem Forever,2K Games,FPS,2,4.5,503
Halo 5: Guardians,Microsoft Game Studios,FPS,2,6.4,3770
BioShock 2,2K Games,FPS,2,8.3,752
Aliens: Colonial Marines,Sega,FPS,2,3.9,477
Borderlands,2K Games,FPS,2,7.9,658
S.T.A.L.K.E.R.: Call of Pripyat,Viva Media,FPS,2,8.5,1044
Metroid Prime,Nintendo,FPS,2,8.9,1441
Call of Juarez: The Cartel,Ubisoft,FPS,2,5.7,120
SUPERHOT,SUPERHOT,FPS,2,7.6,745
F.E.A.R. Perseus Mandate,Sierra Entertainment,FPS,2,7.1,147
Destiny 2: Forsaken,Activision,FPS,2,6.4,321
Aliens Versus Predator 2,Fox Interactive,FPS,2,8.7,198
Quake III Arena,Sega,FPS,2,8.3,127
System Shock,PLAION,FPS,2,7.6,125
Wolfenstein,Activision,FPS,2,8.3,134
High on Life,Squanch Games,FPS,2,7.9,785
Metroid Prime: Federation Force,Nintendo,FPS,2,5.4,278
F.E.A.R.,VU Games,FPS,2,8.5,999
Half-Life 2: Episode Two,Valve Software,FPS,2,9.1,2040
Terminator: Resistance,Reef Entertainment,FPS,2,7.6,197
Half-Life 2,VU Games,FPS,2,9.1,9098
The Darkness (2007),2K Games,FPS,2,8,176
F.E.A.R. 3,Warner Bros. Interactive Entertainment,FPS,2,6.9,159
Postal 2: Share the Pain,Running With Scissors,FPS,2,8.1,276
Space Hulk: Deathwing,Focus Home Interactive,FPS,2,5.6,122
Get Even,Bandai Namco Games,FPS,2,7.1,103
Metro Exodus,Deep Silver,FPS,2,7.4,4849
Secret Ponchos,Switchblade Monkeys,FPS,2,6.6,107
Killzone 2,SCEA,FPS,2,7.9,958
Halo: Reach Remastered,Xbox Game Studios,FPS,2,7.4,203
Halo 2,Microsoft Game Studios,FPS,2,8.9,1941
Destiny: Rise of Iron,Activision,FPS,2,4.9,296
Call of Juarez: Gunslinger,Ubisoft,FPS,2,8.2,245
Deep Rock Galactic,Coffee Stain Publishing,FPS,2,8.5,452
Destiny: The Dark Below,Activision,FPS,2,3.1,287
Medal of Honor: Frontline,EA Games,FPS,2,8.3,170
Wolfenstein: The New Order,Bethesda Softworks,FPS,2,8.1,1962
Painkiller,DreamCatcher Interactive,FPS,2,8.3,317
S.T.A.L.K.E.R.: Shadow of Chernobyl,THQ,FPS,2,8.4,1500
The Darkness II,2K Games,FPS,2,7.6,285
DOOM 3 BFG Edition,Bethesda Softworks,FPS,2,7.2,202
Borderlands 3,2K Games,FPS,2,5.5,2918
Call of Duty: World at War,Activision,FPS,2,7.8,606
Halo: Combat Evolved,Microsoft Game Studios,FPS,2,8.7,2907
MechWarrior Online,Infinite Game Publishing,FPS,2,5.3,874
DOOM,Bethesda Softworks,FPS,2,8.5,721
Metroid Prime: Hunters,Nintendo,FPS,2,7.3,178
Destiny 2: The Witch Queen,Bungie,FPS,2,8,155
Wolfenstein: Youngblood,Bethesda Softworks,FPS,2,2.5,958
DUSK,New Blood Interactive,FPS,2,8.4,270
Destiny: House of Wolves,Activision,FPS,2,4.2,247
Metroid Prime 2: Echoes,Nintendo,FPS,2,8.9,443
Medal of Honor: Allied Assault,Electronic Arts,FPS,2,8.5,612
Serious Sam 3: BFE,Devolver Digital,FPS,2,8,767
Bright Memory: Infinite,Playism,FPS,2,7.1,105
Call of Duty: Modern Warfare 3 - Defiance,Activision,FPS,2,1.4,275
The Turing Test,Square Enix,FPS,2,6.8,138
F.E.A.R. Extraction Point,Vivendi Games,FPS,2,7.5,189
Redfall,Bethesda Softworks,FPS,2,3.5,1187
Call of Duty: Ghosts,Activision,FPS,2,4.3,1928
Battlefield 1942,EA Games,FPS,2,8.4,478
Prey (2006),2K Games,FPS,2,7.5,113
Halo 3,Microsoft Game Studios,FPS,2,8.8,3104
Borderlands 2: Tiny Tina's Assault on Dragon Keep,2K Games,FPS,2,8.2,138
Unreal II: The Awakening,Atari SA,FPS,2,7,100
Crysis 2,EA Games,FPS,2,7.7,677
Atomic Heart,Focus Entertainment,FPS,2,7,1055
Titanfall 2,Electronic Arts,FPS,2,8.6,2604
Battlefield Vietnam,EA Games,FPS,2,7.8,140
Call of Duty: Modern Warfare,Activision,FPS,2,3.7,10123
Halo 3: ODST,Microsoft Game Studios,FPS,2,7.9,1147
Star Wars: Battlefront II (2005),LucasArts,FPS,2,8.9,156
Unreal Tournament 2004,Atari SA,FPS,2,8.7,702
Call of Duty: Black Ops Declassified,Activision,FPS,2,5,534
Tiny Tina's Wonderlands,2K Games,FPS,2,5.6,290
Rising Storm,Tripwire Interactive,FPS,2,8.4,249
Shadow Warrior,Devolver Digital,FPS,2,8,827
Call of Duty: Modern Warfare 2,Activision,FPS,2,7.6,1851
Back 4 Blood,Warner Bros. Games,FPS,2,5,414
Cryostasis: The Sleep of Reason,Aspyr,FPS,2,7.7,184
Call of Duty,Activision,FPS,2,8.4,1296
Borderlands 2,2K Games,FPS,2,8.3,1179
Warface,Crytek,FPS,2,4.2,564
"Warhammer 40,000: Darktide",Fatshark,FPS,2,5,162
Payday 2,505 Games,FPS,2,4,4041
Killzone: Mercenary,SCEA,FPS,2,8.8,641
Metro: Last Light,Deep Silver,FPS,2,8.5,3445
Call of Duty 4: Modern Warfare,Activision,FPS,2,8.5,1452
Call of Duty: Advanced Warfare,Activision,FPS,2,5.8,1082
Call of Duty: Modern Warfare 3,Activision,FPS,2,3.6,8929
Sanctum 2,Coffee Stain Studios,FPS,2,7.6,401
Command & Conquer: Renegade,Electronic Arts,FPS,2,7.4,111
Battlefield: Play4Free,Electronic Arts,FPS,2,2,206
Shadow Warrior 3,Devolver Digital,FPS,2,6.3,145
Alien Rage,CI Games,FPS,2,6.7,179
Killzone 3,SCEA,FPS,2,8.1,1157
Call of Duty 2,Activision,FPS,2,8.2,374
Crysis 3,EA Games,FPS,2,6.9,1639
Destiny 2: Curse of Osiris,Activision,FPS,2,1.6,589
Battlefield: Bad Company,EA Games,FPS,2,7.6,187
RAGE,Bethesda Softworks,FPS,2,6.8,634
Half-Life: Alyx,Valve Software,FPS,2,9.2,2876
Resistance 2,SCEA,FPS,2,7.5,539
Nuclear Dawn,Viva Media,FPS,2,7.5,128
Battlefield 2142,EA Games,FPS,2,7.5,183
Far Cry Primal,Ubisoft,FPS,2,7,1267
Halo: Reach,Microsoft Game Studios,FPS,2,8.4,3151
Deus Ex: The Fall,Square Enix,FPS,2,4.8,114
Portal: Still Alive,Microsoft Game Studios,FPS,2,9,266
Borderlands: Game of the Year Edition,Gearbox Publishing,FPS,2,7.8,139
GoldenEye 007: Reloaded,Activision,FPS,2,6,116
Star Wars Jedi Knight: Dark Forces II,LucasArts,FPS,2,8.6,214
Homefront: The Revolution,Deep Silver,FPS,2,4.6,445
Destiny 2: Warmind,Activision,FPS,2,3,243
Homefront,THQ,FPS,2,6,426
Serious Sam HD: The Second Encounter,Devolver Digital,FPS,2,8.2,219
Metro Exodus: Enhanced Edition,Deep Silver,FPS,2,8.3,283
Medal of Honor: Warfighter,Electronic Arts,FPS,2,5.5,458
Call of Duty: United Offensive,Activision,FPS,2,8.1,344
Turok 2: Seeds of Evil,Acclaim,FPS,2,8.2,101
Metro 2033,THQ,FPS,2,7.8,386
Brink,Bethesda Softworks,FPS,2,5.8,409
Primal Carnage,Reverb,FPS,2,7.6,134
GoldenEye 007,Nintendo,FPS,2,8.9,857
Shadow Warrior 2,Devolver Digital,FPS,2,7.9,602
Call of Duty: Modern Warfare 2 Campaign Remastered,Activision,FPS,2,7.7,351
Quake,id Software,FPS,2,8.7,994
Destiny: The Taken King,Activision,FPS,2,6.3,1126
Halo Infinite,Xbox Game Studios,FPS,2,7.8,5863
Left 4 Dead,Electronic Arts,FPS,2,7.9,427
Destiny 2: Beyond Light,Bungie,FPS,2,4.2,148
ArmA II: Operation Arrowhead,Meridian4,FPS,2,8.3,185
Call of Duty 3,Activision,FPS,2,6.6,266
Perfect Dark Zero,Microsoft Game Studios,FPS,2,6.3,128
Quake II - Enhanced Edition,Bethesda Softworks,FPS,2,7.9,141
Sanctum (2011),Coffee Stain Studios,FPS,2,6.7,243
Metal: Hellsinger,Funcom,FPS,2,7.9,144
OVERKILL's The Walking Dead,Starbreeze,FPS,2,5.2,201
Crysis,EA Games,FPS,2,8.1,2360
Half-Life: Blue Shift,Sierra Entertainment,FPS,2,7.6,437
Dead Island 2,Deep Silver,FPS,2,7.7,473
Dirty Bomb,Nexon,FPS,2,7.6,264
S.T.A.L.K.E.R.: Clear Sky,Koch Media,FPS,2,7.5,745
Warhammer: Vermintide 2,Fatshark,FPS,2,7.4,359
DOOM II,Bethesda Softworks,FPS,2,8.4,117
Tribes: Ascend,Hi-Rez Studios,FPS,2,7.8,596
Max: The Curse of Brotherhood,Microsoft Game Studios,Action,0,7.4,309
Shadow of the Beast,Sony Interactive Entertainment,Action,0,7.3,169
Katamari Damacy REROLL,Bandai Namco Games,Action,0,7.9,117
Tomb Raider: Underworld,Eidos Interactive,Action,0,7.5,101
Lifeless Planet,Lace Mamba Global,Action,0,6.3,181
Scarface: The World Is Yours,Vivendi Games,Action,0,8.7,104
Life is Strange: Before the Storm,Square Enix,Action,0,8,686
Life is Strange: Before the Storm - Farewell,Square Enix,Action,0,7.6,110
Deus Ex: Mankind Divided,Square Enix,Action,0,8,1342
Hitman,Square Enix,Action,0,7.8,488
Mirror's Edge,EA Games,Action,0,7.8,326
Star Trek The Video Game,Namco Bandai Games,Action,0,2.6,316
Castlevania: Lords of Shadow 2,Konami,Action,0,7.7,629
Lego Indiana Jones: The Original Adventures,LucasArts,Action,0,7.7,120
Horizon Call of the Mountain,Sony Interactive Entertainment,Action,0,7.2,164
Styx: Shards of Darkness,Focus Home Interactive,Action,0,7.7,133
Thief: The Dark Project,Eidos Interactive,Action,0,8.9,438
Life is Strange: Before the Storm - Episode 2: Brave New World,Square Enix,Action,0,7.8,135
Life is Strange: Episode 4 - Dark Room,Square Enix,Action,0,8.4,277
Tom Clancy's Splinter Cell: Double Agent,Ubisoft,Action,0,7.7,122
Prince of Persia,Ubisoft,Action,0,7.2,157
Kid Icarus: Uprising,Nintendo,Action,0,8.7,652
Sekiro: Shadows Die Twice,Activision,Action,0,8.6,5624
Master Detective Archives: RAIN CODE,Spike Chunsoft,Action,0,8.4,118
Devil May Cry 5: Special Edition,Capcom,Action,0,8.4,547
LEGO The Lord of the Rings,Warner Bros. Interactive Entertainment,Action,0,8.1,125
Astro Bot Rescue Mission,JapanStudio,Action,0,9,565
Ghost of a Tale,SeithCG,Action,0,8.1,146
Cocoon,Annapurna Interactive,Action,0,7.9,285
Life is Strange: Episode 3 - Chaos Theory,Square Enix,Action,0,8.1,235
AI: The Somnium Files,Spike Chunsoft,Action,0,8.8,376
Furi,The Game Bakers,Action,0,7.8,358
Destroy All Humans!,THQ Nordic,Action,0,7.9,160
Kameo: Elements of Power,Microsoft Game Studios,Action,0,8.1,112
Life is Strange: Episode 1 - Chrysalis,Square Enix,Action,0,8.1,528
Hitman - Intro Pack,Square Enix,Action,0,5.3,274
Control: Ultimate Edition,505 Games,Action,0,8.1,479
We Happy Few,Gearbox Publishing,Action,0,5.9,238
DAVE THE DIVER,MINT ROCKET,Action,0,8.2,318
Sunless Sea,Failbetter Games,Action,0,7.5,177
Hitman 2,Warner Bros. Interactive Entertainment,Action,0,8.4,981
No One Lives Forever 2: A Spy in H.A.R.M.'s Way,Sierra Entertainment,Action,0,8.8,228
Metal Gear Solid: Peace Walker,Konami,Action,0,8.5,631
Metal Gear Solid 2: Sons of Liberty,Konami,Action,0,8.9,1750
Metal Gear Solid 4: Guns of the Patriots,Konami,Action,0,8.7,2552
Shadow of the Tomb Raider,Square Enix,Action,0,7.5,1824
Onimusha 2: Samurai's Destiny,Capcom,Action,0,8.4,101
Ninja Gaiden Sigma 2,Tecmo,Action,0,7.7,151
Deus Ex,Eidos Interactive,Action,0,9.1,1353
LEGO Star Wars: The Force Awakens,Warner Bros. Interactive Entertainment,Action,0,7.3,199
Asura's Wrath,Capcom,Action,0,6.8,181
LEGO Marvel's Avengers,Warner Bros. Interactive Entertainment,Action,0,7.2,184
Stray,Annapurna Interactive,Action,0,8.4,2305
Lies of P,Neowiz,Action,0,8.2,1477
Uncharted: The Lost Legacy,Sony Interactive Entertainment,Action,0,8,2533
God of War: Ragnarok - Valhalla,PlayStation Studios,Action,0,8.8,364
Death's Door,Devolver Digital,Action,0,8.1,309
Twin Mirror,DONTNOD Entertainment,Action,0,5.7,118
The Legend of Zelda: Four Swords Adventures,Nintendo,Action,0,7.4,101
Spider-Man (2000),Activision,Action,0,8.6,328
Styx: Master of Shadows,Focus Home Interactive,Action,0,7.2,345
Like a Dragon Gaiden: The Man Who Erased His Name,Sega,Action,0,8.2,117
LEGO Batman 3: Beyond Gotham,Warner Bros. Interactive Entertainment,Action,0,6.8,170
Scorn,Kepler Interactive,Action,0,6.7,526
Hitman: Blood Money,Eidos Interactive,Action,0,8.5,151
Danganronpa Another Episode: Ultra Despair Girls,NIS America,Action,0,7.8,135
Tom Clancy's Splinter Cell,Ubisoft,Action,0,8.5,127
LEGO Jurassic World,Warner Bros. Interactive Entertainment,Action,0,7.2,154
Beyond Good & Evil,Ubisoft,Action,0,8.8,140
Metroid: Other M,Nintendo,Action,0,6.7,665
DREDGE,Team17,Action,0,8.1,136
Tenchu: Stealth Assassins,Activision,Action,0,8.5,110
Beyond Good & Evil HD,Ubisoft,Action,0,8.7,120
Onimusha 3: Demon Siege,Capcom,Action,0,8.7,137
Metal Gear Solid,Konami,Action,0,8.4,2182
Ride to Hell: Retribution,Deep Silver,Action,0,1.3,453
Control,505 Games,Action,0,7.4,2775
Kamiko,Flyhigh Works,Action,0,7.5,109
Jotun,Thunder Lotus Games,Action,0,6.9,124
Folklore,SCEA,Action,0,7.8,138
Lara Croft and the Guardian of Light,Square Enix,Action,0,8.2,129
Titan Souls,Devolver Digital,Action,0,6.1,173
The Lord of the Rings - Gollum,Nacon,Action,0,1.2,372
The Awesome Adventures of Captain Spirit,Square Enix,Action,0,7.1,139
Hunted: The Demon's Forge,Bethesda Softworks,Action,0,6.3,115
Ravenlok,Cococucumber,Action,0,7.2,102
Lucius,Lace Mamba Global,Action,0,6,199
Deus Ex: Human Revolution - Director's Cut,Square Enix,Action,0,8.6,235
Metal Gear Solid 3: Subsistence,Konami,Action,0,8.1,807
Dishonored: The Knife of Dunwall,Bethesda Softworks,Action,0,8.5,330
The Amazing Spider-Man,Activision,Action,0,7.3,253
Metal Gear Solid: The Twin Snakes,Konami,Action,0,8.8,220
Manhunt,Rockstar Games,Action,0,8.4,177
Hitman: Absolution,Square Enix,Action,0,7.3,574
Tom Clancy's Splinter Cell: Blacklist,Ubisoft,Action,0,7.6,453
Life is Strange: Episode 2 - Out of Time,Square Enix,Action,0,8.2,229
Life is Strange,Square Enix,Action,0,8.6,2350
Attack on Titan 2,Koei Tecmo Games,Action,0,8.1,125
Ninja Gaiden 3: Razor's Edge,Nintendo,Action,0,7.4,135
LEGO DC Super-Villains,Warner Bros. Interactive Entertainment,Action,0,6.5,255
Dishonored: Definitive Edition,Bethesda Softworks,Action,0,8.4,557
Sly Cooper: Thieves in Time,SCEA,Action,0,8.2,485
Hitman 3,Io Interactive,Action,0,7.7,759
Mirror's Edge Catalyst,Electronic Arts,Action,0,5.8,765
Okami HD,Capcom,Action,0,8.9,413
Sang-Froid: Tales of Werewolves,Artifice Studio,Action,0,7.7,116
Kena: Bridge of Spirits,Emberlab,Action,0,8.4,1405
GhostWire: Tokyo,Bethesda Softworks,Action,0,8.4,1733
Devil May Cry 5,Capcom,Action,0,7.7,1192
The Forgotten City,Plug In Digital,Action,0,8.2,195
Astral Chain,Nintendo,Action,0,8.9,3498
Moss,Sony Interactive Entertainment,Action,0,8.1,226
Hitman - Episode 2: Sapienza,Square Enix,Action,0,7.1,130
God of War: Ragnarok,PlayStation Studios,Action,0,8.1,10678
Life is Strange: Episode 5 - Polarized,Square Enix,Action,0,8.2,278
The Simpsons: Hit & Run,VU Games,Action,0,8.6,195
Luigi's Mansion 3,Nintendo,Action,0,8.4,1427
Life is Strange: Before the Storm - Episode 1: Awake,Square Enix,Action,0,7.4,192
Owlboy,D-Pad Studio,Action,0,7.6,279
Thief II: The Metal Age,Eidos Interactive,Action,0,8.9,271
Deus Ex: Human Revolution,Square Enix,Action,0,8.4,867
Star Wars Jedi: Fallen Order,Electronic Arts,Action,0,7.6,4642
Dishonored 2,Bethesda Softworks,Action,0,8.5,2092
Golf Story,SideBar Games,Action,0,8.2,345
Luigi's Mansion,Nintendo,Action,0,8.1,128
Batman: Arkham Asylum,Eidos Interactive,Action,0,8.8,1530
Ninja Gaiden II,Tecmo,Action,0,8.1,189
Killer Is Dead,XSEED Games,Action,0,7.8,239
Luigi's Mansion: Dark Moon,Nintendo,Action,0,8.4,686
Untitled Goose Game,Panic Inc.,Action,0,7.7,244
Life is Strange: True Colors,Square Enix,Action,0,7,315
For Honor,Ubisoft,Action,0,6,1163
Castlevania: Lords of Shadow - Mirror of Fate,Konami,Action,0,7.3,265
LEGO Batman: The Videogame,Warner Bros. Interactive Entertainment,Action,0,7,583
LEGO Batman 2: DC Super Heroes,Warner Bros. Interactive Entertainment,Action,0,7,601
Spider-Man 2: Enter: Electro,Activision,Action,0,8.2,105
Metal Gear Solid 3: Snake Eater,Konami,Action,0,8,1928
Cult of the Lamb,Devolver Digital,Action,0,7.8,272
Metal Gear Solid: Portable Ops,Konami,Action,0,7.7,152
Tom Clancy's Splinter Cell: Chaos Theory,Ubisoft,Action,0,8.8,220
Okami,Capcom,Action,0,9.1,429
Metal Gear Solid Integral,Microsoft Game Studios,Action,0,8.7,261
Ninja Gaiden Black,Tecmo,Action,0,8.8,187
Remember Me,Capcom,Action,0,7.6,309
Forager,Humble Games,Action,0,7.5,114
Star Fox Adventures,Nintendo,Action,0,8,187
Castlevania: Lords of Shadow,Konami,Action,0,7.9,307
Strider,Capcom,Action,0,7.1,278
Metal Gear Rising: Revengeance,Konami,Action,0,8.2,1026
Hellblade: Senua's Sacrifice,Ninja Theory,Action,0,7.9,1576
LEGO Star Wars: The Skywalker Saga,Warner Bros. Interactive Entertainment,Action,0,7.9,375
Dishonored,Bethesda Softworks,Action,0,8.3,1350
The LEGO Movie Videogame,Warner Bros. Interactive Entertainment,Action,0,7,139
Oddworld: Soulstorm,Oddworld Inhabitants,Action,0,6.3,279
Left Alive,Square Enix,Action,0,8.2,1625
LEGO The Hobbit,Warner Bros. Interactive Entertainment,Action,0,6.6,130
Star Wars Jedi: Survivor,Limited Run Games,Action,0,6.6,1492
Transformers: Rise of the Dark Spark,Activision,Action,0,4.3,111
Dirge of Cerberus: Final Fantasy VII,Square Enix,Action,0,7.9,269
Godzilla,Bandai Namco Games,Action,0,3.4,288
Magicka 2,Paradox Interactive,Action,0,6.4,120
Ninja Gaiden 3,Tecmo Koei Games,Action,0,5.1,174
Tom Clancy's Splinter Cell: Conviction,Ubisoft,Action,0,7.7,371
Thief,Square Enix,Action,0,6.4,854
Castlevania: Lords of Shadow - Ultimate Edition,Konami,Action,0,7.5,657
Enslaved: Odyssey to the West,Namco Bandai Games,Action,0,7.8,351
Katamari Damacy,Namco,Action,0,8.7,111
MediEvil,Sony Interactive Entertainment,Action,0,8,673
Too Human,Microsoft Game Studios,Action,0,6.2,119
ReCore,Microsoft Game Studios,Action,0,6.7,658
Shadow of the Colossus,Sony Interactive Entertainment,Action,0,7.8,2902
Planet of Lana,Thunderful,Action,0,7.9,142
Saints Row IV,Deep Silver,Action,0,7.4,1997
Avatar: Frontiers of Pandora,Ubisoft,Action,0,7.7,599
Saints Row: The Third Remastered,Deep Silver,Action,0,7,111
Mafia II: Definitive Edition,2K Games,Action,0,5.9,503
Tchia,Kepler Interactive,Action,0,6.7,121
The Legend of Zelda: Twilight Princess,Nintendo,Action,0,8.9,1815
The Legend of Zelda: Ocarina of Time / Master Quest,Nintendo,Action,0,8.9,173
The Amazing Spider-Man 2,Activision,Action,0,5.2,359
Dead Rising,Capcom,Action,0,7.4,306
Hob,Runic Games,Action,0,7.4,137
Dead Rising 4,Microsoft Game Studios,Action,0,4.9,400
Just Cause 3,Square Enix,Action,0,6,940
Ashen,Annapurna Interactive,Action,0,7,192
Horizon Forbidden West,Sony Interactive Entertainment,Action,0,7.9,10826
Noita,Nolla Games,Action,0,8.1,107
Gravity Rush Remastered,SCEA,Action,0,8.1,501
Watch Dogs 2,Ubisoft,Action,0,7.7,2136
Far Cry 5,Ubisoft,Action,0,7,2641
Tom Clancy's Ghost Recon: Wildlands,Ubisoft,Action,0,6.5,1030
Saints Row,Deep Silver,Action,0,3.1,1161
Assassin's Creed III: Liberation,Ubisoft,Action,0,6.9,413
LEGO City Undercover,Nintendo,Action,0,8.2,366
Grand Theft Auto III,Rockstar Games,Action,0,8.3,1224
Red Dead Redemption and Undead Nightmare,Rockstar Games,Action,0,5.1,232
Far Cry 6,Ubisoft,Action,0,5.2,1438
Superman Returns,EA Games,Action,0,0.5,189
Horizon Forbidden West: Burning Shores,Sony Interactive Entertainment,Action,0,4.5,2662
Assassin's Creed Origins: The Curse of the Pharaohs,Ubisoft,Action,0,7.5,195
LEGO Marvel Super Heroes,Warner Bros. Interactive Entertainment,Action,0,7.9,212
Yakuza Kiwami,Sega,Action,0,7.9,730
Prototype 2,Activision,Action,0,7.8,304
Metal Gear Solid V: Ground Zeroes,Konami,Action,0,6.5,1575
Darksiders III,THQ Nordic,Action,0,7.2,623
The Legend of Zelda: The Wind Waker,Nintendo,Action,0,9,1536
Yakuza 0,Sega,Action,0,8.6,1624
Grand Theft Auto IV: The Ballad of Gay Tony,Rockstar Games,Action,0,8.6,325
Yakuza Kiwami 2,Sega,Action,0,8.4,473
Grand Theft Auto: Vice City Stories,Rockstar Games,Action,0,8.4,323
Saints Row: Gat Out of Hell,Deep Silver,Action,0,5.6,186
Rebel Galaxy Outlaw,Double Damage Games,Action,0,5.4,123
The Legend of Zelda: Majora's Mask,Nintendo,Action,0,9.1,1714
The Legend of Zelda: Breath of the Wild - The Champion's Ballad,Nintendo,Action,0,8.4,355
Shenmue II,Microsoft Game Studios,Action,0,8.9,150
Gravity Rush 2,Sony Interactive Entertainment,Action,0,8,700
Assassin's Creed II,Ubisoft,Action,0,8.8,2024
Immortals Fenyx Rising,Ubisoft,Action,0,7.8,357
Grand Theft Auto: Chinatown Wars,Rockstar Games,Action,0,7.8,266
Yakuza,Sega,Action,0,8.3,133
Sleeping Dogs,Square Enix,Action,0,8,583
Yakuza 5,Sega,Action,0,8.5,298
L.A. Noire,Rockstar Games,Action,0,8,1057
Death Stranding,Sony Interactive Entertainment,Action,0,7.4,18746
Grand Theft Auto: Liberty City Stories,Rockstar Games,Action,0,8.2,339
Dead Rising 3: Apocalypse Edition,Capcom,Action,0,5.6,380
Outer Wilds,Annapurna Interactive,Action,0,8.7,925
Ghost of Tsushima: Iki Island,PlayStation Studios,Action,0,8,541
Red Dead Redemption,Rockstar Games,Action,0,9,3055
Tom Clancy's Ghost Recon: Breakpoint,Ubisoft,Action,0,3.2,1098
Marvel's Spider-Man Remastered,PlayStation PC,Action,0,8.5,1190
The Saboteur,Electronic Arts,Action,0,8,111
Darksiders II,THQ,Action,0,8.3,584
inFamous: First Light,SCEA,Action,0,7.4,937
Assassin's Creed: Bloodlines,Ubisoft,Action,0,6.9,139
Shenmue III,Deep Silver,Action,0,7.7,1119
Yakuza 5 Remastered,Sega,Action,0,8,130
Mafia II,2K Games,Action,0,8.1,831
Grand Theft Auto: San Andreas,Rockstar Games,Action,0,9.2,3467
The Legend of Zelda: Link's Awakening,Nintendo,Action,0,8.4,1813
POSTAL 4: No Regerts,Running With Scissors,Action,0,3.9,165
Yakuza 4,Sega,Action,0,8.1,290
L.A. Noire: The Complete Edition,Rockstar Games,Action,0,8,1387
Batman: Arkham City,Warner Bros. Interactive Entertainment,Action,0,8.8,2419
Assassin's Creed IV: Black Flag - Freedom Cry,Ubisoft,Action,0,6.4,275
Assassin's Creed Rogue Remastered,Bandai Namco Games,Action,0,6.6,246
Ghost of Tsushima: Director's Cut,PlayStation Studios,Action,0,7.8,2287
The Legend of Zelda: Spirit Tracks,Nintendo,Action,0,7.9,367
Horizon Zero Dawn,Sony Interactive Entertainment,Action,0,8.4,12815
Dead Rising 3,Microsoft Game Studios,Action,0,6.9,999
Assassin's Creed Rogue,Ubisoft,Action,0,7.3,516
Maneater,Tripwire Interactive,Action,0,6.5,212
Assassin's Creed Liberation HD,Ubisoft,Action,0,5.8,132
The Legend of Zelda: Skyward Sword HD,Nintendo,Action,0,7.4,782
Assassin's Creed Valhalla,Ubisoft,Action,0,7.2,3282
No More Heroes III,Marvelous Entertainment,Action,0,8.2,208
Deadly Premonition,Ignition Entertainment,Action,0,8.2,254
Assassin's Creed Valhalla: Dawn of Ragnarok,Ubisoft,Action,0,5.9,190
inFamous: Second Son,SCEA,Action,0,8,4255
Assassin's Creed Unity,Ubisoft,Action,0,5.5,1573
Prototype (2009),Activision,Action,0,8.2,262
Marvel's Spider-Man: Miles Morales,Sony Interactive Entertainment,Action,0,7.7,3654
Crackdown 3,Microsoft Game Studios,Action,0,4.3,1047
Lost Judgment,Sega,Action,0,7.7,296
Shenmue,Sega,Action,0,9,345
The Legend of Zelda: Breath of the Wild,Nintendo,Action,0,8.8,22216
The Legend of Zelda: Ocarina of Time,Nintendo,Action,0,9.1,8711
Assassin's Creed: Revelations,Ubisoft,Action,0,7.5,903
Saints Row: The Third,THQ,Action,0,7.7,589
Assassin's Creed Origins,Ubisoft,Action,0,7.3,3666
Middle-earth: Shadow of War,Warner Bros. Interactive Entertainment,Action,0,5,1750
Watch Dogs,Ubisoft,Action,0,6.8,4041
Horizon Zero Dawn: The Frozen Wilds,Sony Interactive Entertainment,Action,0,8,990
Assassin's Creed III,Ubisoft,Action,0,6.9,1588
Bully: Scholarship Edition,Rockstar Games,Action,0,8.5,224
Marvel's Spider-Man 2,Sony Interactive Entertainment,Action,0,9,7367
Grand Theft Auto: Vice City,Rockstar Games,Action,0,8.8,1651
Bugsnax,"Young Horses, Inc",Action,0,7.6,405
Assassin's Creed Syndicate,Ubisoft,Action,0,6.9,2449
Spider-Man: Web of Shadows,Activision,Action,0,8.4,115
Watch Dogs: Legion,Ubisoft,Action,0,6.2,679
Gravity Rush,SCEA,Action,0,8.6,753
inFamous,SCEA,Action,0,8.3,1268
The Legend of Zelda: Breath of the Wild - The Master Trials,Nintendo,Action,0,7.7,353
Batman: Arkham Origins,Warner Bros. Interactive Entertainment,Action,0,7.7,936
The Legend of Zelda: The Wind Waker HD,Nintendo,Action,0,9,1443
Red Dead Redemption 2,Rockstar Games,Action,0,8.8,23875
Sleeping Dogs: Definitive Edition,Square Enix,Action,0,7.9,640
Death Stranding: Director's Cut,Sony Interactive Entertainment,Action,0,7.5,1086
Middle-earth: Shadow of Mordor,Warner Bros. Interactive Entertainment,Action,0,8,2794
Assassin's Creed Odyssey,Ubisoft,Action,0,6.6,4106
The Legend of Zelda,Nintendo,Action,0,8.3,127
Darksiders II: Deathinitive Edition,Nordic Games Publishing,Action,0,8,363
Grand Theft Auto Online,Rockstar Games,Action,0,5.8,229
inFamous: Festival of Blood,SCEA,Action,0,8.3,207
Metal Gear Solid V: The Phantom Pain,Konami,Action,0,8.2,6564
The Legend of Zelda: Tears of the Kingdom,Nintendo,Action,0,8.4,11825
Batman: Arkham Knight,Warner Bros. Interactive Entertainment,Action,0,8.1,5349
Sea of Thieves,Microsoft Game Studios,Action,0,5.4,2273
Agents of Mayhem,Deep Silver,Action,0,6.6,165
Days Gone,Sony Interactive Entertainment,Action,0,8.4,11156
Crackdown 2,Microsoft Game Studios,Action,0,5.9,159
The Legend of Zelda: The Minish Cap,Nintendo,Action,0,8.8,498
Just Cause 2,Square Enix,Action,0,7.9,257
Yakuza 3 Remastered,Sega,Action,0,7.3,139
Assassin's Creed III Remastered,Ubisoft,Action,0,5.3,240
Crackdown,Microsoft Game Studios,Action,0,7.2,243
Raven's Cry,TopWare Interactive,Action,0,3.4,129
Mafia: Definitive Edition,2K Games,Action,0,7.1,1757
The Legend of Zelda: A Link Between Worlds,Nintendo,Action,0,8.9,1760
Saints Row 2,THQ,Action,0,8.5,293
Assassin's Creed,Ubisoft,Action,0,7.4,1205
The Legend of Zelda: Skyward Sword,Nintendo,Action,0,8.1,2708
Saints Row (2006),THQ,Action,0,7.6,190
The Legend of Zelda: Twilight Princess HD,Nintendo,Action,0,8.6,582
Assassin's Creed Origins: The Hidden Ones,Ubisoft,Action,0,6.8,134
Generation Zero,THQ Nordic,Action,0,5.7,165
No Man's Sky Beyond,Hello Games,Action,0,8.2,210
Sable,Raw Fury,Action,0,6.9,118
Slime Rancher,Monomi Park,Action,0,8,261
Gotham Knights,Warner Bros. Games,Action,0,5.2,752
Grand Theft Auto IV,Rockstar Games,Action,0,8.2,3186
Just Cause 4,Square Enix,Action,0,4.8,473
Red Dead Redemption: Undead Nightmare Pack,Rockstar San Diego,Action,0,8.4,303
Batman: Arkham City - Armored Edition,Warner Bros. Interactive Entertainment,Action,0,8.6,265
Grand Theft Auto V,Rockstar Games,Action,0,8.4,9576
Cloudpunk,ION LANDS,Action,0,7.6,127
Dead Rising 2,Capcom,Action,0,7.1,269
Grand Theft Auto 2,Rockstar Games,Action,0,7.6,150
Judgment,Sega,Action,0,8.5,563
Horizon Zero Dawn: Complete Edition,PlayStation Mobile Inc.,Action,0,7.1,1303
Yakuza 6: The Song of Life,Sega,Action,0,8.4,541
The Legend of Zelda: Tri Force Heroes,Nintendo,Action,0,7.1,255
Mafia III,2K Games,Action,0,5.3,2011
Marvel's Spider-Man,Sony Interactive Entertainment,Action,0,8.7,10063
Tunic,Finji,Action,0,7.8,488
The Legend of Zelda: Ocarina of Time 3D,Nintendo,Action,0,9.1,2010
inFamous 2,SCEA,Action,0,8.6,1355
The Legend of Zelda: Phantom Hourglass,Nintendo,Action,0,7.9,497
Assassin's Creed IV: Black Flag,Ubisoft,Action,0,8.2,1472
Outward,Deep Silver,Action,0,7.1,180
Marvel's Spider-Man: Silver Lining,Sony Interactive Entertainment,Action,0,7.5,164
Mafia,Gathering,Action,0,8.6,117
Spider-Man 2: The Game,Activision,Action,0,4.8,133
Marvel's Spider-Man: Turf Wars,Sony Interactive Entertainment,Action,0,6.6,151
Darksiders,THQ,Action,0,8.1,324
Brutal Legend,EA Games,Action,0,7.7,175
Grand Theft Auto IV: The Lost and Damned,Rockstar Games,Action,0,8,315
Mad Max,Warner Bros. Interactive Entertainment,Action,0,7.9,1847
Like a Dragon: Ishin!,Sega,Action,0,7.1,129
One Piece: World Seeker,Bandai Namco Games,Action,0,4.7,195
Assassin's Creed Mirage,Ubisoft,Action,0,7.3,1456
Yakuza 3,Sega,Action,0,7.9,245
Ghost of Tsushima,Sony Interactive Entertainment,Action,0,9.1,21863
Bully,Rockstar Games,Action,0,8.7,704
Grow Home,Ubisoft,Action,0,7.5,162
The Legend of Zelda: Majora's Mask 3D,Nintendo,Action,0,8.9,895
Assassin's Creed: Brotherhood,Ubisoft,Action,0,8.4,1144
The Legend of Zelda: A Link to the Past / Four Swords,Nintendo,Action,0,9,717
The Pathless,Annapurna Interactive,Action,0,7.7,137
World of Final Fantasy,Square Enix,RPG,6,7.6,411
Mario & Luigi: Superstar Saga + Bowser's Minions,Nintendo,RPG,6,8.2,152
Ni no Kuni II: Revenant Kingdom,Bandai Namco Games,RPG,6,7.5,898
Final Fantasy VII,Square Enix,RPG,6,8.4,234
Final Fantasy VIII Remastered,Square Enix,RPG,6,7.2,188
Hyperdimension Neptunia,NIS America,RPG,6,6.7,135
Persona 5 Royal,Atlus,RPG,6,8.6,4181
Shin Megami Tensei: Nocturne,Atlus,RPG,6,6.4,386
Yakuza: Like a Dragon,Sega,RPG,6,8.2,688
Xenosaga Episode III: Also sprach Zarathustra,Namco Bandai Games,RPG,6,8.9,100
Shin Megami Tensei: Persona 3,Atlus,RPG,6,6.3,410
Bravely Default,Nintendo,RPG,6,8.4,702
Dragon Quest XI S: Echoes of an Elusive Age - Definitive Edition,Nintendo,RPG,6,8.6,806
Shin Megami Tensei IV,Atlus,RPG,6,7.2,637
Golden Sun: Dark Dawn,Nintendo,RPG,6,8.1,117
Lost Odyssey,Microsoft Game Studios,RPG,6,8.4,333
Paper Mario,Nintendo,RPG,6,9,512
The Legend of Heroes: Trails of Cold Steel,XSEED Games,RPG,6,8.4,158
Tokyo Mirage Sessions #FE Encore,Nintendo,RPG,6,6.3,263
Hyperdimension Neptunia MK2,NIS America,RPG,6,7.3,102
Little Town Hero,Game Freak,RPG,6,4.8,185
Final Fantasy: Brave Exvius,Square Enix,RPG,6,8.9,124
Octopath Traveler II,Square Enix,RPG,6,8.6,248
The Legend of Heroes: Trails of Cold Steel III,NIS America,RPG,6,8.7,215
Final Fantasy XIII-2,Square Enix,RPG,6,6.8,863
Persona 5,Atlus,RPG,6,8.7,5674
Tales of Symphonia: Dawn of the New World,Namco Bandai Games,RPG,6,7.4,106
Megadimension Neptunia VII,Idea Factory,RPG,6,7.4,157
Dragon Quest VII: Fragments of the Forgotten Past,Nintendo,RPG,6,8.1,157
Shin Megami Tensei: Digital Devil Saga,Atlus,RPG,6,5.1,255
Xenogears,Square EA,RPG,6,9.1,386
Dragon Quest XI: Echoes of an Elusive Age,Square Enix,RPG,6,8.6,987
Shin Megami Tensei: Persona 3 Portable,Atlus,RPG,6,7.7,822
Mario & Luigi: Bowser's Inside Story + Bowser Jr.'s Journey,Nintendo,RPG,6,7.8,110
Shadow Hearts: Covenant,Midway,RPG,6,8.7,110
The Legend of Heroes: Trails in the Sky,XSEED Games,RPG,6,8.2,123
Demon Gaze,NIS America,RPG,6,8.6,112
Ni no Kuni: Wrath of the White Witch,Namco Bandai Games,RPG,6,8.7,1187
Tales of Arise,Bandai Namco Games,RPG,6,7.9,788
Tokyo Mirage Sessions #FE,Nintendo,RPG,6,7.9,413
Hyperdimension Neptunia Re;Birth1,Idea Factory,RPG,6,7.8,117
Persona Q: Shadow of the Labyrinth,Atlus,RPG,6,5.8,431
Chained Echoes,DECK13 Spotlight,RPG,6,8.7,128
Dragon Quest IX: Sentinels of the Starry Skies,Nintendo,RPG,6,8.5,252
Final Fantasy XII: The Zodiac Age,Square Enix,RPG,6,8.4,699
Live A Live,Nintendo,RPG,6,7.4,114
Blue Dragon,Microsoft Game Studios,RPG,6,7.9,135
The Legend of Dragoon,SCEA,RPG,6,8.6,358
Final Fantasy VI,Nintendo,RPG,6,8.7,499
Undertale,tobyfox,RPG,6,8.5,5708
Breath of Fire IV,Capcom,RPG,6,8.5,103
Shin Megami Tensei: Digital Devil Saga 2,Atlus,RPG,6,4.7,232
Persona 3 Reload,Sega,RPG,6,8.1,133
Sea of Stars,Sabotage Studio,RPG,6,8.1,751
Chrono Cross,Square EA,RPG,6,8.8,460
Shin Megami Tensei IV: Apocalypse,Atlus,RPG,6,6,345
Conception II: Children of the Seven Stars,Atlus,RPG,6,7.1,105
Mario & Luigi: Bowser's Inside Story,Nintendo,RPG,6,8.8,438
Atelier Ryza 2: Lost Legends & the Secret Fairy,Koei Tecmo Games,RPG,6,8.7,115
Final Fantasy XII,Square Enix,RPG,6,7.6,1280
Suikoden III,Konami,RPG,6,8.8,118
Final Fantasy VIII,Square EA,RPG,6,8.7,1224
The Legend of Heroes: Trails in the Sky SC,XSEED Games,RPG,6,8.7,151
I Am Setsuna,Square Enix,RPG,6,7.4,201
Chrono Trigger,Square Enix,RPG,6,9.2,786
Lightning Returns: Final Fantasy XIII,Square Enix,RPG,6,6.1,706
Mario & Luigi: Superstar Saga,Nintendo,RPG,6,8.6,253
Paper Mario: The Thousand-Year Door (2004),Nintendo,RPG,6,9,650
Ni no Kuni: Wrath of the White Witch Remastered,Bandai Namco Games,RPG,6,8,234
Grandia,SCEA,RPG,6,7.7,156
Atelier Ryza 3: Alchemist of the End & the Secret Key,Koei Tecmo Games,RPG,6,7.6,290
Golden Sun: The Lost Age,Nintendo,RPG,6,8.7,168
Final Fantasy X-2,Square Enix,RPG,6,7.3,515
Octopath Traveler,Nintendo,RPG,6,8.4,1440
Final Fantasy XIII,Square Enix,RPG,6,6.1,1835
Suikoden V,Konami,RPG,6,8.5,120
Suikoden II,Konami,RPG,6,9.1,313
Shin Megami Tensei: Persona 4,Atlus,RPG,6,7.7,886
The Legend of Heroes: Trails of Cold Steel IV - The End of Saga,NIS America,RPG,6,8.7,175
Monster Hunter Stories,Nintendo,RPG,6,8.2,113
Monster Hunter Stories 2: Wings of Ruin,Capcom,RPG,6,6.3,230
Like a Dragon: Infinite Wealth,Sega,RPG,6,8.4,202
Paper Mario: Color Splash,Nintendo,RPG,6,7.1,484
Soul Hackers 2,Sega,RPG,6,7.1,120
Final Fantasy X,Square EA,RPG,6,9,1836
Mario & Luigi: Paper Jam,Nintendo,RPG,6,7.3,241
Xenosaga Episode I: Der Wille zur Macht,Namco,RPG,6,8.4,113
Final Fantasy,Square Enix,RPG,6,8.4,214
Bravely Default II,Square Enix,RPG,6,7.8,329
Digimon Story Cyber Sleuth: Hacker's Memory,Bandai Namco Games,RPG,6,7,201
Final Fantasy: The 4 Heroes of Light,Square Enix,RPG,6,8.6,129
Mario & Luigi: Partners in Time,Nintendo,RPG,6,8.5,230
Persona 2: Eternal Punishment,Atlus,RPG,6,4.8,257
Mario & Luigi: Dream Team,Nintendo,RPG,6,8.3,402
Super Mario RPG,Nintendo,RPG,6,8,215
Valkyrie Profile 2: Silmeria,Square Enix,RPG,6,8.9,103
Persona 2: Innocent Sin,Atlus,RPG,6,5.5,352
Atelier Escha & Logy: Alchemists of the Dusk Sky,Tecmo Koei Games,RPG,6,7.9,100
Bravely Second: End Layer,Nintendo,RPG,6,8.2,212
Final Fantasy III (3D Remake),Square Enix,RPG,6,8.6,223
Shin Megami Tensei: Devil Summoner - Soul Hackers,Atlus,RPG,6,5.1,278
Persona 4 Golden,Atlus,RPG,6,8.7,1998
Golden Sun,Nintendo,RPG,6,8.8,282
Final Fantasy Record Keeper,"DeNA Co., Ltd.",RPG,6,8.7,121
Dragon Quest VIII: Journey of the Cursed King,Square Enix,RPG,6,8.7,322
Final Fantasy IX,Square EA,RPG,6,9,1570
Atelier Ryza: Ever Darkness & the Secret Hideout,Koei Tecmo Games,RPG,6,8.4,119
Shin Megami Tensei: Persona 3 FES,Atlus,RPG,6,7.8,868
Final Fantasy IV (3D Remake),Square Enix,RPG,6,8.3,291
Radiant Historia,Atlus,RPG,6,8.5,102
Atelier Sophie 2: The Alchemist of the Mysterious Dream,Koei Tecmo Games,RPG,6,8.8,106
Shin Megami Tensei: Persona,Atlus,RPG,6,4.5,259
Paper Mario: Sticker Star,Nintendo,RPG,6,5.4,630
Dying Light,Warner Bros. Interactive Entertainment,Survival,7,8.1,2143
Resident Evil: Revelations,Capcom,Survival,7,8.4,577
Afterfall: InSanity,Nicolas Intoxicate,Survival,7,5.8,152
Green Hell,Creepy Jar,Survival,7,7.7,195
Silent Hill 4: The Room,Konami,Survival,7,8.1,400
Chernobylite,All in! Games,Survival,7,7.9,212
Resident Evil Village,Capcom,Survival,7,7.8,3159
Resident Evil 7: biohazard - Not a Hero,Capcom,Survival,7,7.3,110
The Evil Within 2,Bethesda Softworks,Survival,7,8.5,2342
Resident Evil 7: biohazard,Capcom,Survival,7,8.1,4532
Dying Light: The Following,Warner Bros. Interactive Entertainment,Survival,7,8.3,224
Silent Hill 2 (2001),Konami,Survival,7,8.5,1697
Stranded Deep,Telltale Games,Survival,7,4.3,118
Resident Evil Village: Winters' Expansion,Capcom,Survival,7,4.9,107
Resident Evil: Resistance,Capcom,Survival,7,6.7,384
Alan Wake II,Epic Games,Survival,7,8.8,2014
Tormented Souls,PQube,Survival,7,7.6,153
Metal Gear Survive,Konami,Survival,7,1.5,1098
The Beast Inside,Movie Games,Survival,7,7.5,115
Outlast 2,Red Barrels,Survival,7,7,842
Five Nights at Freddy's,animdude,Survival,7,7.7,949
Tokyo Jungle,SCEA,Survival,7,8,113
ZombiU,Ubisoft,Survival,7,7.7,794
The Texas Chain Saw Massacre,Gun Interactive,Survival,7,6.6,118
Outlast,Red Barrels,Survival,7,8.3,2126
Among Us,Innersloth,Survival,7,6.8,433
Amnesia: The Bunker,Frictional Games,Survival,7,7.7,130
Amnesia: Rebirth,Frictional Games,Survival,7,6.4,267
DreadOut,Digital Happiness,Survival,7,6.4,107
Resident Evil 3: Nemesis,Capcom,Survival,7,9.5,812
Slender: The Arrival,Blue Isle Studios,Survival,7,6.1,294
The Walking Dead: Saints & Sinners,Skydance Interactive,Survival,7,8.4,139
The Dark Pictures Anthology: House of Ashes,Bandai Namco Games,Survival,7,7.8,229
Silent Hill: Shattered Memories,Konami,Survival,7,7.5,201
Catherine: Full Body,Atlus,Survival,7,8.2,253
Haunting Ground,Capcom,Survival,7,8.9,121
Dead by Daylight,505 Games,Survival,7,5.3,408
The Inpatient,Sony Interactive Entertainment,Survival,7,6,101
Resident Evil 4 HD,Capcom,Survival,7,8.2,293
Daylight,Atlus,Survival,7,4.3,200
The Forest (2014),Endnight Studios,Survival,7,7.5,730
I Am Alive,Ubisoft,Survival,7,6.3,172
Silent Hill,Konami,Survival,7,8.9,951
The Callisto Protocol,KRAFTON Inc.,Survival,7,6.9,1502
Resident Evil 2,Capcom,Survival,7,8.9,5338
Silent Hill: Downpour,Konami,Survival,7,6.9,342
Five Nights at Freddy's 3,Scott Cawthon,Survival,7,6.9,376
Daymare: 1998,Invader Studios,Survival,7,6.9,123
Resident Evil 5,Capcom,Survival,7,7.4,664
System Shock 2,Looking Glass Studios,Survival,7,9.1,662
Dino Crisis 2,Capcom,Survival,7,9.3,608
Alien: Isolation,Sega,Survival,7,8.4,1555
Amnesia: A Machine for Pigs,Frictional Games,Survival,7,6,984
Dead Island,Deep Silver,Survival,7,7,708
Alone in the Dark: Illumination,Atari SA,Survival,7,1.3,144
Blair Witch,Bloober Team,Survival,7,6.3,472
Pathologic 2,tinyBuild,Survival,7,8.8,329
Silent Hill 3,Konami,Survival,7,8.6,672
The Last of Us Part II Remastered,Sony Interactive Entertainment,Survival,7,8.4,774
Silent Hill: Book of Memories,Konami,Survival,7,4.9,133
The Evil Within: The Consequence,Bethesda Softworks,Survival,7,9.1,263
Deadly Premonition 2: A Blessing in Disguise,Rising Star Games,Survival,7,5.5,202
7 Days to Die,Telltale Games,Survival,7,5.6,157
Devotion,Indievent,Survival,7,7.8,170
The Medium,Bloober Team,Survival,7,7.2,1432
Resident Evil Code: Veronica,Capcom,Survival,7,9.3,441
Resident Evil 0,Capcom,Survival,7,8.6,238
Alan Wake Remastered,Epic Games,Survival,7,8,496
Penumbra: Overture,Frictional Games,Survival,7,7.7,200
Resident Evil (Remake),Capcom,Survival,7,9.7,1939
Fatal Frame: Mask of the Lunar Eclipse,Koei Tecmo Games,Survival,7,7.7,471
The Walking Dead: Survival Instinct,Activision,Survival,7,4,420
Resident Evil 3,Capcom,Survival,7,6.6,3197
Ancestors: The Humankind Odyssey,Private Division,Survival,7,5.8,288
The Evil Within,Bethesda Softworks,Survival,7,8.2,2601
Evil Dead: The Game,Saber Interactive,Survival,7,7.1,138
Fatal Frame,Tecmo,Survival,7,8.6,121
Layers of Fear 2,Gun Interactive,Survival,7,6.2,173
Rule of Rose,Atlus,Survival,7,8.9,103
Condemned: Criminal Origins,Sega,Survival,7,8.1,156
Resident Evil: Revelations 2,Capcom,Survival,7,7.7,600
Hydrophobia: Prophecy,Dark Energy Digital,Survival,7,5.8,154
Resident Evil Outbreak,Capcom,Survival,7,8.1,136
Call of Cthulhu: The Official Video Game,Maximum Games,Survival,7,7.1,224
Murdered: Soul Suspect,Square Enix,Survival,7,7.1,517
Resident Evil 4 (2005),Capcom,Survival,7,9.1,1982
Eternal Darkness: Sanity's Requiem,Nintendo,Survival,7,8.9,236
Silent Hill: Origins,Konami,Survival,7,7.4,211
Five Nights at Freddy's: Help Wanted,Scott Cawthon,Survival,7,8.2,140
Lone Survivor,superflat games,Survival,7,7.4,147
Rust,Facepunch Studios,Survival,7,6.5,742
Silent Hill 2: Director's Cut,Konami,Survival,7,8.1,407
Signalis,Humble Games,Survival,7,8.3,170
How to Survive,505 Games,Survival,7,7,307
Resident Evil HD Remaster,Capcom,Survival,7,8.6,1138
Resident Evil 6,Capcom,Survival,7,5.3,1649
Resident Evil 4,Capcom,Survival,7,8,5930
American McGee's Alice,Electronic Arts,Survival,7,7.8,219
Alan Wake,Microsoft Game Studios,Survival,7,8.3,1150
The Long Dark,Hinterland,Survival,7,6.8,503
Resident Evil 2 (1998),Capcom,Survival,7,9,117
Fatal Frame: Maiden of Black Water,Nintendo,Survival,7,8,293
The Last of Us Part II,Sony Interactive Entertainment,Survival,7,5.8,163419
Penumbra: Requiem,Paradox Interactive,Survival,7,6.2,105
Resident Evil: Revelations 2 - Episode 1: Penal Colony,Capcom,Survival,7,7.1,122
Legacy of Kain: Soul Reaver,Eidos Interactive,Survival,7,9,275
SOMA,Frictional Games,Survival,7,8.5,1445
Dying Light 2 Stay Human,Techland,Survival,7,5.1,3973
Resident Evil,Capcom,Survival,7,9.4,1326
Resident Evil Outbreak File #2,Capcom,Survival,7,8.2,105
Shadows of the Damned,Electronic Arts,Survival,7,8.3,181
The Evil Within: The Assignment,Bethesda Softworks,Survival,7,9.2,587
Agony,Maximum Games,Survival,7,4.3,292
State of Decay,Microsoft Game Studios,Survival,7,7.2,633
Neverending Nightmares,Infinitap Games,Survival,7,7,102
State of Decay 2,Microsoft Game Studios,Survival,7,5.7,960
Conan Exiles,Maximum Games,Survival,7,5.3,223
Friday the 13th: The Game,Gun Interactive,Survival,7,6.3,270
Amnesia: The Dark Descent,Frictional Games,Survival,7,8.6,1644
Catherine,Atlus,Survival,7,8.2,530
Silent Hill: Homecoming,Konami,Survival,7,6.4,149
Resident Evil 4: Separate Ways,Capcom,Survival,7,9.2,279
Penumbra: Black Plague,Paradox Interactive,Survival,7,8.6,208
State of Decay: Year One Survival Edition,Microsoft Game Studios,Survival,7,6.9,198
Corpse Party,XSEED Games,Survival,7,8.2,106
Resident Evil 0: HD Remaster,Capcom,Survival,7,7.9,356
Condemned 2: Bloodshot,Sega,Survival,7,7.8,113
Fatal Frame II: Crimson Butterfly,Tecmo,Survival,7,8.8,151
Alice: Madness Returns,Electronic Arts,Survival,7,8.3,276
The Crew Motorfest,Ubisoft,Arcade Racing,4,7.7,362
The Crew 2,Ubisoft,Arcade Racing,4,5.8,458
Diddy Kong Racing,Rare Ltd.,Arcade Racing,4,8.4,218
Sonic Free Riders,Sega,Arcade Racing,4,2.6,159
Trials Evolution: Gold Edition,Ubisoft,Arcade Racing,4,7,134
Chocobo GP,Square Enix,Arcade Racing,4,2.3,142
Kirby Air Ride,Nintendo,Arcade Racing,4,8.2,121
ModNation Racers,SCEA,Arcade Racing,4,7.8,167
Wave Race 64,Nintendo,Arcade Racing,4,8.4,132
Ratchet & Clank: Size Matters,SCEA,3D Platformer,8,8,191
Jak II,SCEA,3D Platformer,8,8.4,454
Ratchet & Clank,SCEA,3D Platformer,8,8.8,520
Yooka-Laylee,Team17,3D Platformer,8,6.3,276
Human: Fall Flat,Curve Digital,3D Platformer,8,7.5,173
The Gunk,Thunderful,3D Platformer,8,6.8,187
Banjo-Kazooie,Nintendo,3D Platformer,8,9.1,612
Super Mario Odyssey,Nintendo,3D Platformer,8,8.9,8347
Super Mario 64,Nintendo,3D Platformer,8,8.4,499
Ghostrunner,505 Games,3D Platformer,8,8.1,686
Super Mario Galaxy,Nintendo,3D Platformer,8,9.1,3483
Super Mario 3D World + Bowser's Fury,Nintendo,3D Platformer,8,8.7,1039
Astro's Playroom,Sony Interactive Entertainment,3D Platformer,8,9,1668
Ratchet & Clank (PS4),Sony Interactive Entertainment,3D Platformer,8,8.4,2917
Super Mario Sunshine,Nintendo,3D Platformer,8,8.4,1057
Sonic and the Black Knight,Sega,3D Platformer,8,7.3,231
Sonic Adventure 2,Sega,3D Platformer,8,8.4,366
Ratchet & Clank Future: A Crack in Time,SCEA,3D Platformer,8,8.8,597
Psychonauts 2,Xbox Game Studios,3D Platformer,8,7.8,1768
Sonic Generations,Sega,3D Platformer,8,8.4,659
Mega Man X8,Capcom,3D Platformer,8,8.3,107
Hi-Fi Rush,Bethesda Softworks,3D Platformer,8,8.9,3343
Sonic the Hedgehog (2006),Sega,3D Platformer,8,5.3,860
Crash Bandicoot: Warped,SCEA,3D Platformer,8,9,860
Jak and Daxter: The Precursor Legacy,SCEA,3D Platformer,8,8.9,608
Ape Escape,SCEA,3D Platformer,8,8.5,116
Ratchet & Clank: Up Your Arsenal,SCEA,3D Platformer,8,9,590
Subway Surfers,Kiloo,3D Platformer,8,7.3,104
Spyro: Enter the Dragonfly,Universal Interactive,3D Platformer,8,4.7,117
Conker's Bad Fur Day,Rare Ltd.,3D Platformer,8,8.8,372
Donkey Kong 64,Nintendo,3D Platformer,8,8.6,323
A Story About My Uncle,Gone North Games,3D Platformer,8,7,186
Ratchet & Clank: All 4 One,SCEA,3D Platformer,8,6.7,254
Disney Epic Mickey,Disney Interactive Studios,3D Platformer,8,7.4,184
Daxter,SCEA,3D Platformer,8,8.5,162
Super Mario 3D World,Nintendo,3D Platformer,8,8.9,2271
Journey,SCEA,3D Platformer,8,8.8,1700
Sly Cooper and the Thievius Raccoonus,SCEA,3D Platformer,8,8.7,367
LEGO Marvel Super Heroes 2,Warner Bros. Interactive Entertainment,3D Platformer,8,6.9,113
Crash Twinsanity,VU Games,3D Platformer,8,8.5,329
Sackboy: A Big Adventure,Sony Interactive Entertainment,3D Platformer,8,8.4,598
Yoshi's Crafted World,Nintendo,3D Platformer,8,7.9,383
Ratchet & Clank Future: Tools of Destruction,SCEA,3D Platformer,8,8.6,505
Sonic Forces,Sega,3D Platformer,8,6.3,1095
Balan Wonderworld,Square Enix,3D Platformer,8,5.2,262
Kirby and the Forgotten Land,Nintendo,3D Platformer,8,8.8,802
Tearaway,SCEA,3D Platformer,8,8.9,479
Ratchet & Clank: Rift Apart,PlayStation Studios,3D Platformer,8,8.5,2987
Sonic Heroes,Sega,3D Platformer,8,7.8,305
Crash Bandicoot 4: It's About Time,Activision,3D Platformer,8,8,930
Ratchet & Clank: Going Commando,SCEA,3D Platformer,8,8.9,442
Sonic Unleashed,Sega,3D Platformer,8,8.5,826
Spyro: Year of the Dragon,SCEA,3D Platformer,8,8.9,432
Sonic and the Secret Rings,Sega,3D Platformer,8,5.6,216
Sonic: Lost World,Sega,3D Platformer,8,7.2,625
Ratchet & Clank Future: Quest for Booty,SCEA,3D Platformer,8,7.4,223
Sonic Boom: Rise of Lyric,Sega,3D Platformer,8,3.7,721
Tearaway Unfolded,SCEA,3D Platformer,8,7.9,328
LittleBigPlanet PS Vita,SCEA,3D Platformer,8,8.5,406
New Super Lucky's Tale,Playful Corp.,3D Platformer,8,7.9,133
Super Mario 3D Land,Nintendo,3D Platformer,8,8.4,1501
Shadow the Hedgehog,Sega,3D Platformer,8,6.1,202
Sonic Colors: Ultimate,Sega,3D Platformer,8,6.5,305
Jak 3,SCEA,3D Platformer,8,8.8,419
Ratchet & Clank: Into the Nexus,SCEA,3D Platformer,8,8.1,357
Banjo-Kazooie: Nuts & Bolts,Microsoft Game Studios,3D Platformer,8,6,232
Bound (2016),Sony Interactive Entertainment,3D Platformer,8,7.1,157
Sly 3: Honor Among Thieves,SCEA,3D Platformer,8,8.9,256
Sonic Frontiers,Sega,3D Platformer,8,8.2,3219
Crash Bandicoot: The Wrath of Cortex,Universal Interactive,3D Platformer,8,7.4,328
Ratchet & Clank: Full Frontal Assault,SCEA,3D Platformer,8,7.2,164
A Hat in Time,Gears for Breakfast,3D Platformer,8,8.7,556
SpongeBob SquarePants: Battle for Bikini Bottom - Rehydrated,THQ Nordic,3D Platformer,8,8.8,2173
Sonic Adventure DX Director's Cut,Sega,3D Platformer,8,7.8,216
Super Lucky's Tale,Microsoft Game Studios,3D Platformer,8,7,193
JSRF: Jet Set Radio Future,Sega,3D Platformer,8,8.9,107
Sly 2: Band of Thieves,SCEA,3D Platformer,8,9,367
Super Mario Galaxy 2,Nintendo,3D Platformer,8,9,2545
The Witcher 3: Wild Hunt - Blood and Wine,CD Projekt,RPG,6,9.1,4208
Biomutant,THQ Nordic,RPG,6,6.3,508
Two Worlds II,SouthPeak Games,RPG,6,6.5,150
Marvel: Ultimate Alliance,Activision,RPG,6,7.9,113
NieR: Automata - Game of the YoRHa Edition,Square Enix,RPG,6,8.9,876
Trials of Mana,Square Enix,RPG,6,7.7,151
Children of Morta,Dead Mage,RPG,6,8.1,301
Sword Art Online: Hollow Fragment,Bandai Namco Games,RPG,6,7.6,139
Secret of Mana (Remaster),Square Enix,RPG,6,6.2,131
Final Fantasy Explorers,Square Enix,RPG,6,8.4,232
Dauntless,Phoenix Labs,RPG,6,5.4,253
The World Ends with You,Square Enix,RPG,6,8.6,288
The Incredible Adventures of Van Helsing II,NeocoreGames,RPG,6,7.7,245
Nioh,Sony Interactive Entertainment,RPG,6,8.3,2682
Kingdom Hearts III - Re Mind,Square Enix,RPG,6,6.2,213
Fable (2004),Microsoft Game Studios,RPG,6,8.5,252
Monster Hunter Generations Ultimate,Capcom,RPG,6,8.5,187
Godfall,Gearbox Publishing,RPG,6,4.3,570
Tales of Zestiria,Bandai Namco Games,RPG,6,7.2,416
The Witcher 3: Wild Hunt - Complete Edition,CD Projekt Red Studio,RPG,6,8.8,1438
The Lord of the Rings: The Two Towers,EA Games,RPG,6,8,110
Bastion,Warner Bros. Interactive Entertainment,RPG,6,8.4,341
Xenoblade Chronicles 3,Nintendo,RPG,6,8.5,1467
Titan Quest: Immortal Throne,THQ,RPG,6,8.3,245
Dark Souls II,Namco Bandai Games,RPG,6,8.1,1695
Sacred,Encore Software,RPG,6,7.9,219
Kingdom Hearts Re:Chain of Memories,Square Enix,RPG,6,7.6,385
Dark Souls III: The Ringed City,Bandai Namco Games,RPG,6,8.4,320
Fallen Legion: Sins of an Empire,YummyYummyTummy,RPG,6,8.1,147
Dragon's Crown,Atlus,RPG,6,8.2,323
Rogue Galaxy,SCEA,RPG,6,8,124
Monster Hunter: World,Capcom,RPG,6,7.7,2087
Crisis Core: Final Fantasy VII,Square Enix,RPG,6,7.7,745
Nioh: Complete Edition,Koei Tecmo Games,RPG,6,7.9,622
Final Fantasy Type-0,Square Enix,RPG,6,7.5,655
Mortal Shell,Playstack,RPG,6,6.3,456
Pokemon Quest,Nintendo,RPG,6,5.9,169
Mass Effect 2: Arrival,EA Games,RPG,6,6.1,109
God Eater 2: Rage Burst,Bandai Namco Games,RPG,6,7.2,118
Monster Hunter 3 Ultimate,Capcom,RPG,6,8.3,337
The Surge,Focus Home Interactive,RPG,6,6.6,368
Bloodborne,SCEA,RPG,6,9,13633
Dark Souls II: Crown of the Ivory King,Bandai Namco Games,RPG,6,7.7,118
Tales of Vesperia: Definitive Edition,Bandai Namco Games,RPG,6,7.6,145
Dungeon Siege II,Microsoft Game Studios,RPG,6,7.9,183
Victor Vran,EuroVideo Medien,RPG,6,7.6,133
Torchlight,Microsoft Game Studios,RPG,6,7.7,147
Demon's Souls (2009),Atlus,RPG,6,8.7,1695
Kingdoms of Amalur: Re-Reckoning,THQ Nordic,RPG,6,6.9,151
Final Fantasy VII Remake Intergrade,Square Enix,RPG,6,8.4,1321
Genshin Impact,miHoYo,RPG,6,4.7,1469
Soul Sacrifice Delta,SCEA,RPG,6,8.5,151
Mass Effect 3,Electronic Arts,RPG,6,6.1,4019
The Witcher 3: Wild Hunt - Hearts of Stone,CD Projekt,RPG,6,9.1,3434
Diablo III: Reaper of Souls,Blizzard Entertainment,RPG,6,6.6,1783
Harvestella,Square Enix,RPG,6,4.4,158
Freedom Wars,SCEA,RPG,6,8.3,300
Minecraft Dungeons,Xbox Game Studios,RPG,6,6.5,427
Marvel Ultimate Alliance 3: The Black Order,Nintendo,RPG,6,7.2,386
The Witcher: Enhanced Edition,Atari SA,RPG,6,8.3,3273
Diablo III,Blizzard Entertainment,RPG,6,4.2,10293
Kingdom Hearts: Chain of Memories,Square Enix,RPG,6,8.5,269
Torchlight II,Runic Games,RPG,6,8.5,2118
Crisis Core: Final Fantasy VII Reunion,Square Enix,RPG,6,8,1218
The Lord of the Rings: The Return of the King,EA Games,RPG,6,8.5,188
Anthem,Electronic Arts,RPG,6,4,3731
Fallout Tactics: Brotherhood of Steel,Interplay,RPG,6,7.7,253
Diablo II,Blizzard Entertainment,RPG,6,8.8,1756
Parasite Eve II,Square EA,RPG,6,8.5,164
The Witcher 2: Assassins of Kings,Warner Bros. Interactive Entertainment,RPG,6,8.4,1176
Ys IX: Monstrum Nox,NIS America,RPG,6,8,115
Monster Hunter 4 Ultimate,Capcom,RPG,6,8.6,443
Demon's Souls,Sony Interactive Entertainment,RPG,6,8.1,3946
Fable Anniversary,Microsoft Game Studios,RPG,6,7.3,274
Persona 5 Strikers,Sega,RPG,6,7.9,532
Baldur's Gate: Dark Alliance,Interplay,RPG,6,8.5,127
Divine Divinity,cdv Software,RPG,6,8.4,219
Fable III,Microsoft Game Studios,RPG,6,6.7,749
Wo Long: Fallen Dynasty,Koei Tecmo Games,RPG,6,7.5,766
Final Fantasy Crystal Chronicles: The Crystal Bearers,Square Enix,RPG,6,8.6,160
Xenoblade Chronicles 2,Nintendo,RPG,6,8.5,2563
Stranger of Paradise: Final Fantasy Origin,Square Enix,RPG,6,7.2,506
Mass Effect: Andromeda,Electronic Arts,RPG,6,5.1,4225
Final Fantasy XV: Episode Gladiolus,Square Enix,RPG,6,8.5,272
Gothic,Xicat Interactive,RPG,6,8.7,1261
Mass Effect 3: Citadel,Electronic Arts,RPG,6,8.3,229
Diablo,Blizzard Entertainment,RPG,6,8.7,1424
Drakengard 3,Square Enix,RPG,6,8.1,335
Final Fantasy XVI,Square Enix,RPG,6,8.1,10234
Kingdom Hearts II,Square Enix,RPG,6,9,1229
Path of Exile,Grinding Gear Games,RPG,6,7.9,2263
Monster Hunter: World - Iceborne,Capcom,RPG,6,8.5,377
Monster Hunter Generations,Capcom,RPG,6,8,167
Final Fantasy Crystal Chronicles,Nintendo,RPG,6,8.9,190
Warhammer: Chaosbane,Bigben Interactive,RPG,6,4.9,122
NIER,Square Enix,RPG,6,8.5,226
Final Fantasy XV,Square Enix,RPG,6,7.8,5703
Dungeon Siege,Microsoft Game Studios,RPG,6,7.8,266
Dark Cloud 2,SCEA,RPG,6,8.2,175
Elden Ring,Bandai Namco Games,RPG,6,8,14265
Final Fantasy XV: Episode Prompto,Square Enix,RPG,6,8.5,275
Xenoblade Chronicles 2: Torna ~ The Golden Country,Nintendo,RPG,6,8.5,466
Mass Effect 2,Electronic Arts,RPG,6,8.9,2524
Nights of Azure,Koei Tecmo Games,RPG,6,7.3,102
Indivisible,505 Games,RPG,6,6.8,104
FORCED,BetaDwarf,RPG,6,7.7,135
NieR: Automata - The End of YoRHa Edition,Square Enix,RPG,6,7.4,311
Monster Hunter Rise: Sunbreak,Capcom,RPG,6,4.2,179
Diablo II: Lord of Destruction,Blizzard Entertainment,RPG,6,9,1023
Xenoblade Chronicles 3: Expansion Pass Wave 4 - Future Redeemed,Nintendo,RPG,6,8.8,361
Dex,Dreadlocks,RPG,6,7.6,104
Kingdom Hearts Re:coded,Square Enix,RPG,6,8.1,277
Valkyria Revolution,Sega,RPG,6,5.7,100
Tales of Hearts R,Bandai Namco Games,RPG,6,8.1,128
Risen 2: Dark Waters,Deep Silver,RPG,6,5.8,858
Monster Hunter Rise,Capcom,RPG,6,6.9,1167
Final Fantasy VII Remake Intergrade: Episode INTERmission,Square Enix,RPG,6,8.1,130
Bound by Flame,Focus Home Interactive,RPG,6,6.8,440
Tales of the Abyss,Namco Bandai Games,RPG,6,8.4,218
The Lord of the Rings: War in the North,Warner Bros. Interactive Entertainment,RPG,6,7.3,146
Mars: War Logs,Focus Home Interactive,RPG,6,7.1,297
Touken Ranbu Warriors,Koei Tecmo Games,RPG,6,9.2,129
Super Paper Mario,Nintendo,RPG,6,8.1,545
Tales of Symphonia,Namco,RPG,6,8.9,235
Ys: Memories of Celceta,XSEED Games,RPG,6,8.7,289
Kingdom Hearts III,Square Enix,RPG,6,7.9,2558
Moonlighter,11 bit studios,RPG,6,7.2,133
Dark Souls: Artorias of the Abyss,Namco Bandai Games,RPG,6,8.6,216
Ys VIII: Lacrimosa of DANA,NIS America,RPG,6,8.6,315
Dark Souls,Namco Bandai Games,RPG,6,8.7,1769
Vampyr,Focus Home Interactive,RPG,6,7.1,901
Diablo II: Resurrected,Activision,RPG,6,3.4,2338
Nioh 2: The Complete Edition,Koei Tecmo Games,RPG,6,8,307
Final Fantasy XV - Multiplayer Expansion: Comrades,Square Enix,RPG,6,8.6,236
The Witcher 3: Wild Hunt,Warner Bros. Interactive Entertainment,RPG,6,9.2,19581
Tales of Xillia 2,Bandai Namco Games,RPG,6,8.2,251
Odin Sphere Leifthrasir,Atlus,RPG,6,8.2,298
Ragnarok Odyssey,XSEED Games,RPG,6,7.8,111
Darkspore,Electronic Arts,RPG,6,6,138
Bug Fables: The Everlasting Sapling,DANGEN Entertainment,RPG,6,8.4,143
The Surge 2,Focus Home Interactive,RPG,6,7.1,207
Tales of Berseria,Bandai Namco Games,RPG,6,7.2,606
Risen 3: Titan Lords,Deep Silver,RPG,6,5.8,939
Dungeon Siege III,Square Enix,RPG,6,5.9,114
Tales of Vesperia,Namco Bandai Games,RPG,6,8.2,274
Pandora's Tower,XSEED Games,RPG,6,8.1,127
Dragon Age II,Electronic Arts,RPG,6,4.7,2509
Parasite Eve,Square EA,RPG,6,8.8,200
Soul Sacrifice,SCEA,RPG,6,8.2,313
Sacred 3,Deep Silver,RPG,6,1.5,527
Titan Quest,THQ,RPG,6,7.9,424
Dark Souls II: Crown of the Sunken King,Bandai Namco Games,RPG,6,7.4,220
Drakengard,Square Enix,RPG,6,7.8,146
Mass Effect 2: Lair of the Shadow Broker,Electronic Arts,RPG,6,8.5,180
Fable II,Microsoft Game Studios,RPG,6,7.9,832
Hyper Light Drifter,Heart Machine,RPG,6,8.2,418
Stories: The Path of Destinies,Spearhead Games,RPG,6,7.4,147
Kingdom Hearts 358/2 Days,Square Enix,RPG,6,8.3,401
Prey: Mooncrash,Bethesda Softworks,RPG,6,7,110
NieR: Automata,Square Enix,RPG,6,8.9,4767
Valkyrie Elysium,Square Enix,RPG,6,5.2,190
Grim Dawn,Crate Entertainment,RPG,6,8.4,841
Dark Souls II: Scholar of the First Sin,Bandai Namco Games,RPG,6,7.8,1631
Bloodborne: The Old Hunters,SCEA,RPG,6,8.9,2364
Arcania: Gothic 4,JoWooD Entertainment AG,RPG,6,4,488
Star Ocean: Till the End of Time,Square Enix,RPG,6,8.2,114
Kingdoms of Amalur: Reckoning,Electronic Arts,RPG,6,7.8,475
Mass Effect 3: From Ashes,Electronic Arts,RPG,6,3.8,181
Dark Souls: Prepare to Die Edition,Bandai Namco Games,RPG,6,7.8,2574
Dragon's Dogma: Dark Arisen,Capcom,RPG,6,8,667
Diablo III: Rise of the Necromancer,Blizzard Entertainment,RPG,6,4.4,209
Dragon's Dogma,Capcom,RPG,6,7.9,353
Diablo IV,Blizzard Entertainment,RPG,6,2.2,9197
Kingdom Hearts 3D: Dream Drop Distance,Square Enix,RPG,6,8.2,558
Dark Souls Remastered,Bandai Namco Games,RPG,6,8.3,1881
Xenoblade Chronicles X,Nintendo,RPG,6,9.1,1812
Fable: The Lost Chapters,Microsoft Game Studios,RPG,6,8.6,704
Kingdom Come: Deliverance,Warhorse Studios,RPG,6,8.1,3044
Blade of Darkness (2001),Codemasters,RPG,6,8.6,146
Nioh 2,Koei Tecmo Games,RPG,6,8,1192
Dark Souls III,Bandai Namco Games,RPG,6,9,5700
Code Vein,Bandai Namco Games,RPG,6,7.7,684
Star Ocean: The Divine Force,Square Enix,RPG,6,6.5,174
Crystar,Spike Chunsoft,RPG,6,9.5,2256
Dark Cloud,SCEA,RPG,6,8,117
Sword Art Online: Hollow Realization,Bandai Namco Games,RPG,6,7.4,102
Divinity II: Ego Draconis,DTP Entertainment,RPG,6,7.7,108
Kingdom Hearts,SquareSoft,RPG,6,8.7,1184
Divinity: Dragon Commander,Larian Studios Games,RPG,6,7.1,266
Weird West,Devolver Digital,RPG,6,7,100
Wolcen: Lords of Mayhem,Wolcen Studio,RPG,6,5.6,483
Monster Hunter Freedom Unite,Capcom,RPG,6,8.3,147
Lords of the Fallen,CI Games,RPG,6,6.7,876
Ever Oasis,Nintendo,RPG,6,8.1,108
Xenoblade Chronicles,Nintendo,RPG,6,8.7,383
Diablo III: Eternal Collection,Blizzard Entertainment,RPG,6,7.2,408
NieR Replicant ver.1.22474487139...,Square Enix,RPG,6,8.6,625
Star Ocean: Integrity and Faithlessness,Square Enix,RPG,6,6.3,294
Steelrising,Nacon,RPG,6,7.6,334
Fist of the North Star: Lost Paradise,Sega,RPG,6,7.6,127
Xenoblade Chronicles: Definitive Edition,Nintendo,RPG,6,8.8,1405
Final Fantasy XV: Royal Edition,Square Enix,RPG,6,8.4,1631
Transistor,Supergiant Games,RPG,6,8.1,700
NieR: Automata - Become as Gods Edition,Square Enix,RPG,6,9.1,850
Soulstice,Modus Games,RPG,6,5.9,107
Scarlet Nexus,Bandai Namco Games,RPG,6,7.8,341
NEO: The World Ends with You,Square Enix,RPG,6,8.1,139
The Last Story,XSEED Games,RPG,6,8.5,244
Absolver,Devolver Digital,RPG,6,6,104
The World Ends with You: Final Remix,Nintendo,RPG,6,7.4,125
Babylon's Fall,Square Enix,RPG,6,2.1,199
Vagrant Story,Square EA,RPG,6,9,226
Wild Hearts,Electronic Arts,RPG,6,7.8,573
GreedFall,Focus Home Interactive,RPG,6,7.5,605
The Witcher,Atari SA,RPG,6,8.4,1266
Kingdom Hearts: Birth by Sleep,Square Enix,RPG,6,8.4,571
Lords of the Fallen (2014),City Interactive,RPG,6,6.3,636
Monster Hunter Tri,Capcom,RPG,6,8.2,182
Tales of Xillia,Namco Bandai Games,RPG,6,8.5,518
Krater,Fatshark,RPG,6,7.1,209
Tower of Time,Event Horizon Software,RPG,6,7.8,106
Diablo III: Ultimate Evil Edition,Blizzard Entertainment,RPG,6,7.8,1634
Dark Souls II: Crown of the Old Iron King,Namco Bandai Games,RPG,6,7.4,131
Darksiders Genesis,THQ Nordic,RPG,6,7.8,321
Forspoken,Square Enix,RPG,6,3.9,1622
Final Fantasy VII Remake,Square Enix,RPG,6,8.1,8354
Mass Effect 3: Omega,Electronic Arts,RPG,6,6.2,102
Mass Effect 3: Leviathan,Electronic Arts,RPG,6,6.9,123
The Incredible Adventures of Van Helsing,NeocoreGames,RPG,6,8.1,620
Cyberpunk 2077: Phantom Liberty,CD Projekt Red Studio,RPG,6,7.2,1833
Let It Die,GungHo,RPG,6,7.1,252
Prey,Bethesda Softworks,RPG,6,8.2,1410
Cyberpunk 2077,CD Projekt Red Studio,RPG,6,7.1,35194
Kingdom Hearts HD 2.8 Final Chapter Prologue,Square Enix,RPG,6,8.2,447
Dragon Ball Z: Kakarot,Bandai Namco Games,RPG,6,8.1,998
Muramasa: The Demon Blade,Ignition Entertainment,RPG,6,8,100
Tales of Graces,Namco Bandai Games,RPG,6,8.5,386
Rune Factory 4,XSEED Games,RPG,6,8.1,160
Dark Souls III: Ashes of Ariandel,Bandai Namco Games,RPG,6,7.4,255
Book of Demons,Thing Trunk,RPG,6,5.6,109
The Lord of the Rings: The Battle for Middle-Earth II - The Rise of the Witch-King,EA Games,Real-Time Strategy,5,8.8,129
War for the Overworld,Subterranean Games,Real-Time Strategy,5,7.9,132
Myth: The Fallen Lords,Bungie,Real-Time Strategy,5,8.4,101
Crusader Kings II: The Old Gods,Paradox Interactive,Real-Time Strategy,5,8.6,187
Rome: Total War,Activision,Real-Time Strategy,5,9,1377
Pikmin 4,Nintendo,Real-Time Strategy,5,9,750
"Warhammer 40,000: Dawn of War II - Chaos Rising",THQ,Real-Time Strategy,5,8.2,189
Company of Heroes: Tales of Valor,THQ,Real-Time Strategy,5,7.4,113
Stronghold: Crusader II,FireFly Studios,Real-Time Strategy,5,6,254
Knights of Honor,Paradox Interactive,Real-Time Strategy,5,8.7,114
Medieval: Total War,Activision,Real-Time Strategy,5,8.7,214
"Warhammer 40,000: Dawn of War",THQ,Real-Time Strategy,5,8.7,398
The Lord of the Rings: The Battle for Middle-Earth (2004),EA Games,Real-Time Strategy,5,8.8,303
Rise of Nations: Thrones & Patriots,Microsoft Game Studios,Real-Time Strategy,5,8.8,108
Total War: Rome II,Sega,Real-Time Strategy,5,4.4,3989
Anomaly: Warzone Earth,11 bit studios,Real-Time Strategy,5,7.2,182
Stronghold: Crusader,Gathering,Real-Time Strategy,5,8.8,391
Black & White 2,EA Games,Real-Time Strategy,5,7.1,103
Robin Hood: The Legend of Sherwood,Strategy First,Real-Time Strategy,5,8.5,121
Warcraft III: Reign of Chaos,Blizzard Entertainment,Real-Time Strategy,5,9.2,2461
RimWorld,Ludeon Studios,Real-Time Strategy,5,8.9,664
World in Conflict,Sierra Entertainment,Real-Time Strategy,5,8.3,276
Command & Conquer: Generals,EA Games,Real-Time Strategy,5,8.5,327
Warcraft III: Reforged,Blizzard Entertainment,Real-Time Strategy,5,0.6,31141
A Game of Thrones: Genesis,Focus Home Interactive,Real-Time Strategy,5,4.1,117
Satellite Reign,5 Lives Studios,Real-Time Strategy,5,7.8,141
Minecraft Legends,Xbox Game Studios,Real-Time Strategy,5,6.2,109
Victoria II,Paradox Interactive,Real-Time Strategy,5,8.3,231
"Warhammer 40,000: Dawn of War - Winter Assault",THQ,Real-Time Strategy,5,8.4,147
Company of Heroes: Opposing Fronts,THQ,Real-Time Strategy,5,8.3,164
Empire: Total War,Sega,Real-Time Strategy,5,7.6,879
Company of Heroes,THQ,Real-Time Strategy,5,8.6,1142
Victoria 3,Paradox Interactive,Real-Time Strategy,5,5.5,136
Rise of Nations,Microsoft Game Studios,Real-Time Strategy,5,8.7,381
FTL: Faster Than Light,Subset Games,Real-Time Strategy,5,8.3,1549
Medieval II: Total War Kingdoms,Sega,Real-Time Strategy,5,8.8,195
Total War: Attila,Sega,Real-Time Strategy,5,7.4,663
"Warhammer 40,000: Dawn of War - Soulstorm",THQ,Real-Time Strategy,5,8.3,190
Anomaly 2,11 bit studios,Real-Time Strategy,5,7.7,117
Warcraft III: The Frozen Throne,Blizzard Entertainment,Real-Time Strategy,5,9.2,1855
Total War: Three Kingdoms,Sega,Real-Time Strategy,5,7.6,409
Crusader Kings II,Paradox Interactive,Real-Time Strategy,5,8.7,1034
"Warhammer 40,000: Dawn of War - Dark Crusade",THQ,Real-Time Strategy,5,8.8,338
StarDrive 2,Iceberg Interactive,Real-Time Strategy,5,5.4,105
Age of Mythology,Microsoft Game Studios,Real-Time Strategy,5,8.9,781
Napoleon: Total War,Sega,Real-Time Strategy,5,7.9,400
Stronghold 3,SouthPeak Games,Real-Time Strategy,5,3,376
Command & Conquer 3: Tiberium Wars,EA Games,Real-Time Strategy,5,8.3,380
Company of Heroes 2,Sega,Real-Time Strategy,5,2.2,5862
Stronghold,Gathering,Real-Time Strategy,5,8.8,374
"Warhammer 40,000: Dawn of War II",THQ,Real-Time Strategy,5,7.7,469
Command & Conquer 3: Kane's Wrath,EA Games,Real-Time Strategy,5,8.4,158
Dungeon of the Endless,Sega,Real-Time Strategy,5,7.9,222
Toy Soldiers: Cold War,Microsoft Game Studios,Real-Time Strategy,5,8.5,128
Star Wars: Empire at War,LucasArts,Real-Time Strategy,5,8.3,242
Black & White,EA Games,Real-Time Strategy,5,7.8,379
Crusader Kings III,Paradox Interactive,Real-Time Strategy,5,8.3,780
Halo Wars 2,Microsoft Game Studios,Real-Time Strategy,5,6.5,622
Atom Zombie Smasher,Blendo Games,Real-Time Strategy,5,7.2,113
Europa Universalis IV,Paradox Interactive,Real-Time Strategy,5,8.7,1516
Men of War: Assault Squad 2,1C Entertainment,Real-Time Strategy,5,6.5,148
Starpoint Gemini 2,Iceberg Interactive,Real-Time Strategy,5,8.4,160
Battlefleet Gothic: Armada,Focus Home Interactive,Real-Time Strategy,5,7.6,128
Empire Earth,Sierra Entertainment,Real-Time Strategy,5,8.4,194
Hearts of Iron III,Paradox Interactive,Real-Time Strategy,5,7.3,167
Command & Conquer 4: Tiberian Twilight,Electronic Arts,Real-Time Strategy,5,2.2,285
Company of Heroes 3,Sega,Real-Time Strategy,5,4.7,109
Command & Conquer: Red Alert 3,Electronic Arts,Real-Time Strategy,5,7,448
Pikmin 3 Deluxe,Nintendo,Real-Time Strategy,5,8.6,262
"Warhammer 40,000: Inquisitor - Martyr",Games Workshop,Real-Time Strategy,5,6.5,124
Imperator: Rome,Paradox Interactive,Real-Time Strategy,5,5,220
Pikmin,Nintendo,Real-Time Strategy,5,8.7,233
"Warhammer 40,000: Dawn of War III",Sega,Real-Time Strategy,5,4.6,500
Homeworld 2,Sierra Entertainment,Real-Time Strategy,5,8.6,119
StarDrive (2012),Iceberg Interactive,Real-Time Strategy,5,6.8,386
Sacrifice (2000),Interplay,Real-Time Strategy,5,8.6,147
Rome: Total War Barbarian Invasion,Sega,Real-Time Strategy,5,8.4,116
Stronghold 2,2K Games,Real-Time Strategy,5,7,170
Fat Princess,SCEA,Real-Time Strategy,5,7.5,106
Company of Heroes 2: The Western Front Armies,Sega,Real-Time Strategy,5,7,123
A Total War Saga: Thrones of Britannia,Sega Europe,Real-Time Strategy,5,5.5,174
Medieval II: Total War,Sega,Real-Time Strategy,5,9,826
Sins of a Solar Empire,Stardock,Real-Time Strategy,5,8.4,170
Dungeon Keeper (2014),Electronic Arts,Real-Time Strategy,5,0.4,625
Stellaris,Paradox Interactive,Real-Time Strategy,5,8,1021
Age of Mythology: The Titans,Microsoft Game Studios,Real-Time Strategy,5,8.9,185
A Total War Saga: TROY,Sega,Real-Time Strategy,5,6,282
Hearts of Iron IV,Paradox Interactive,Real-Time Strategy,5,7.8,1057
Pikmin 3,Nintendo,Real-Time Strategy,5,8.8,822
Age of Mythology: Extended Edition,Microsoft Game Studios,Real-Time Strategy,5,7.6,201
SpellForce: The Order of Dawn,Encore Software,Real-Time Strategy,5,8.3,114
Pikmin 2,Nintendo,Real-Time Strategy,5,9.1,242
Command & Conquer: Generals - Zero Hour,EA Games,Real-Time Strategy,5,8.7,254
"Warhammer 40,000: Dawn of War II - Retribution",THQ,Real-Time Strategy,5,7.7,283
Tesla Effect: A Tex Murphy Adventure,Atlus,Adventure,1,8.5,182
Haven,The Game Bakers,Adventure,1,7.8,111
To the Moon,Freebird Games,Adventure,1,8.9,1529
As Dusk Falls,Xbox Game Studios,Adventure,1,7.7,304
Ghost Trick: Phantom Detective,Capcom,Adventure,1,9.6,1695
Hohokum,SCEA,Adventure,1,6.5,103
Oxenfree,Night School Studio,Adventure,1,7.7,389
Monaco: What's Yours Is Mine,Pocketwatch Games,Adventure,1,7.7,227
Tales from the Borderlands: A Telltale Game Series,Telltale Games,Adventure,1,8.5,642
Rakuen,Laura Shigihara,Adventure,1,8.2,115
Knock-knock,Ice-Pick Lodge,Adventure,1,8.3,213
Tales From The Borderlands: Episode 1 - Zer0 Sum,Telltale Games,Adventure,1,8.1,401
Night in the Woods,Finji,Adventure,1,7.7,445
The Beginner's Guide,Everything Unlimited Ltd.,Adventure,1,7.5,337
Kentucky Route Zero - Act III,Cardboard Computer,Adventure,1,6.7,178
Finding Paradise,Freebird Games,Adventure,1,8.4,204
Kentucky Route Zero - Act I,Cardboard Computer,Adventure,1,7.5,125
Tales From The Borderlands: Episode 3 - Catch A Ride,Telltale Games,Adventure,1,7.9,150
Detention,Red Candle Games,Adventure,1,7.9,117
The Cat Lady,Harvester Games,Adventure,1,8.7,253
Space Pirates and Zombies,MinMax Games Ltd.,Adventure,1,7.6,158
OneShot,Team Oneshot,Adventure,1,9,248
Tell Me Why,Xbox Game Studios,Adventure,1,5.9,321
Tales From The Borderlands: Episode 4 - Escape Plan Bravo,Telltale Games,Adventure,1,7.8,134
The Council,Focus Home Interactive,Adventure,1,7.9,128
Pentiment,Xbox Game Studios,Adventure,1,7.4,450
Immortality,Half Mermaid,Adventure,1,6.5,108
Tales From The Borderlands: Episode 2 - Atlas Mugged,Telltale Games,Adventure,1,7.9,168
13 Sentinels: Aegis Rim,Sega,Adventure,1,9,417
The Book of Unwritten Tales,The Adventure Company,Adventure,1,8.3,164
A Short Hike,Whippoorwill Limited,Adventure,1,8.6,253
Erica,Sony Interactive Entertainment,Adventure,1,6.8,383
Tales From The Borderlands: Episode 5 - The Vault of the Traveler,Telltale Games,Adventure,1,8.1,334
Professor Layton and the Curious Village,Nintendo,Adventure,1,8.3,209
Tacoma,Fullbright,Adventure,1,6.3,165
Her Story,Sam Barlow,Adventure,1,6.2,504
Tiny & Big: Grandpa's Leftovers,Black Pants,Adventure,1,7.3,106
A Bird Story,Freebird Games,Adventure,1,7,167
Counter-Strike: Source,Valve Software,FPS,2,8.2,1352
Insurgency: Sandstorm,Focus Home Interactive,FPS,2,8,250
Call of Duty: Black Ops,Activision,FPS,2,6.8,1910
Left 4 Dead 2,Electronic Arts,FPS,2,8.2,598
Tom Clancy's Ghost Recon Advanced Warfighter,Ubisoft,FPS,2,7.5,112
Call of Duty: Warzone,Activision,FPS,2,3.5,187
Call of Duty: Black Ops 4,Activision,FPS,2,4.1,1957
Day of Defeat,Activision,FPS,2,6.5,163
SUPERHOT: MIND CONTROL DELETE,SUPERHOT,FPS,2,6.7,158
Valorant,Riot Games,FPS,2,4.8,4053
Battlefield 3: Armored Kill,Electronic Arts,FPS,2,7.1,126
Call of Duty: Modern Warfare Remastered,Activision,FPS,2,7.6,870
Call of Duty: Black Ops Cold War,Activision,FPS,2,5.6,967
Team Fortress 2,Valve Software,FPS,2,8.6,4379
Call of Duty: Warzone Caldera,Activision,FPS,2,4.1,1146
Sniper Ghost Warrior Contracts,CI Games,FPS,2,6.7,149
LawBreakers,Limited Run Games,FPS,2,6.4,163
Insurgency,New World Interactive,FPS,2,8.5,647
Hunt: Showdown,Deep Silver,FPS,2,7,214
Call of Duty: Infinite Warfare,Activision,FPS,2,4.5,2002
Star Wars Battlefront II,Electronic Arts,FPS,2,1.7,8986
Battlefield 3: Back to Karkand,Electronic Arts,FPS,2,7.3,175
Sniper Elite 5,Rebellion,FPS,2,6.1,102
Tom Clancy's Rainbow Six Extraction,Ubisoft,FPS,2,5.1,168
Natural Selection 2,Unknown Worlds Entertainment,FPS,2,8.5,642
Call of Duty: Vanguard,Activision,FPS,2,3.7,1578
Paladins: Champions of the Realm,Hi-Rez Studios,FPS,2,7.2,130
Sniper: Ghost Warrior 2,City Interactive,FPS,2,5.8,121
Sniper Elite 4,Rebellion,FPS,2,7.8,496
Battlefield 3,Electronic Arts,FPS,2,7.7,5742
HAWKEN,Adhesive Games,FPS,2,7.7,304
Overwatch 2,Blizzard Entertainment,FPS,2,1.5,4190
MAG,SCEA,FPS,2,7.4,110
PlanetSide 2,Sony Online Entertainment,FPS,2,7,1365
Overwatch,Blizzard Entertainment,FPS,2,6.4,6843
Warhammer: End Times - Vermintide,Fatshark,FPS,2,7.6,327
Call of Duty: Modern Warfare II,Activision,FPS,2,5.1,1060
Project IGI: I'm Going In,Eidos Interactive,FPS,2,7.6,120
Takedown: Red Sabre,505 Games,FPS,2,3,174
Rising Storm 2: Vietnam,Tripwire Interactive,FPS,2,7.4,165
Arma II,505 Games,FPS,2,7.3,368
Apex Legends,Electronic Arts,FPS,2,6.9,1740
Call of Duty Mobile,Activision,FPS,2,7.2,231
SWAT 4,Sierra Entertainment,FPS,2,8.6,293
Sniper: Ghost Warrior 3,City Interactive,FPS,2,6.5,278
PUBG MOBILE,Tencent,FPS,2,4.4,237
Tom Clancy's Rainbow Six Siege,Ubisoft,FPS,2,7.2,1284
Day of Defeat: Source,Valve Software,FPS,2,7.3,232
Star Wars Battlefront,Electronic Arts,FPS,2,5.1,2688
Firewall Zero Hour,Sony Interactive Entertainment,FPS,2,8.3,294
Counter-Strike: Global Offensive,Valve Software,FPS,2,7.3,5415
Evolve,2K Games,FPS,2,4.3,945
Hell Let Loose,Team17,FPS,2,6.7,122
CrossfireX,Smilegate,FPS,2,3.3,291
Firewall Ultra,Sony Interactive Entertainment,FPS,2,4.3,362
Battlefield 2,EA Games,FPS,2,8.5,887
Battlefield 2042,Electronic Arts,FPS,2,2.2,5030
Tom Clancy's Rainbow Six: Vegas,Ubisoft,FPS,2,7.8,144
Battlefield Hardline,Electronic Arts,FPS,2,5.3,1089
THE FINALS,Embark Studios,FPS,2,6.9,167
Battlefield V,Electronic Arts,FPS,2,3.2,3286
Call of Duty: Modern Warfare III,Activision,FPS,2,2,1795
Syndicate (2012),Electronic Arts,FPS,2,7.3,190
Battlefield 1,EA Games,FPS,2,7.3,2940
Enemy Front,CI Games,FPS,2,5.5,133
Counter-Strike: Condition Zero,Valve Software,FPS,2,7.5,287
Counter-Strike 2,Valve Software,FPS,2,4.3,279
SUPERHOT VR,SUPERHOT,FPS,2,7.7,124
Battleborn,2K Games,FPS,2,6.8,425
PlayerUnknown's Battlegrounds,PUBG Corporation,FPS,2,4.8,2062
Tom Clancy's Rainbow Six: Vegas 2,Ubisoft,FPS,2,8,102
Layers of Fear (2015),Aspyr,Adventure,1,7.3,453
The Witness,"Thekla, Inc",Adventure,1,7.5,883
Jazzpunk,Adult Swim,Adventure,1,7.7,165
Among the Sleep,Krillbite Studio,Adventure,1,7.4,256
Miasmata,IonFX,Adventure,1,7.6,117
Obduction,Cyan Worlds,Adventure,1,7.6,161
The Unfinished Swan,SCEA,Adventure,1,8.1,125
The Talos Principle: Deluxe Edition,Nighthawk Interactive,Adventure,1,8.3,277
Superliminal,Pillow Castle Games,Adventure,1,7.8,263
Observer,Aspyr,Adventure,1,7.5,322
Thirty Flights of Loving,Blendo Games,Adventure,1,5,194
The Stanley Parable: Ultra Deluxe,Crows Crows Crows,Adventure,1,8.3,251
The Stanley Parable,Galactic Cafe,Adventure,1,8.1,2358
Road 96,Digixart Entertainment,Adventure,1,7.6,203
Betrayer,Blackpowder Games,Adventure,1,7.2,135
Proteus,Twisted Tree,Adventure,1,5.6,192
Gone Home,The Fullbright Company,Adventure,1,5.5,2261
Pathologic Classic HD,Gambitious,Adventure,1,8.8,113
Here They Lie,Sony Interactive Entertainment,Adventure,1,6.9,114
Dear Esther,The Chinese Room,Adventure,1,6.5,742
Virginia,505 Games,Adventure,1,5,152
MADiSON,BLOODIOUS GAMES,Adventure,1,8.2,629
The Talos Principle 2,Devolver Digital,Adventure,1,8.9,121
Before Your Eyes,GoodbyeWorld Games,Adventure,1,8.5,111
What Happened,KATNAPPE SP. Z O. O.,Adventure,1,7.1,242
Firewatch,Panic Inc.,Adventure,1,7.2,1607
Call of the Sea,Raw Fury,Adventure,1,7.2,137
The Talos Principle,Devolver Digital,Adventure,1,8.6,773
Everybody's Gone to the Rapture,SCEA,Adventure,1,6.5,644
Hello Neighbor,tinyBuild,Adventure,1,5,345
What Remains of Edith Finch,Annapurna Interactive,Adventure,1,8.4,997
Kholat,IMGN.PRO,Adventure,1,6.8,146
Close to the Sun,Wired Productions,Adventure,1,5.1,149
The Vanishing of Ethan Carter,The Astronauts,Adventure,1,7.9,864
Minecraft: Pocket Edition,Mojang AB,Adventure,1,6.8,243
The Invincible,11 bit studios,Adventure,1,8.1,105
EVE Online,Simon & Schuster,MMORPG,3,6.7,307
Guild Wars 2: End of Dragons,NCSOFT,MMORPG,3,7.4,120
Final Fantasy XIV: Shadowbringers,Square Enix,MMORPG,3,9.1,1581
DC Universe Online,Sony Online Entertainment,MMORPG,3,7.3,144
World of Warcraft: Cataclysm,Blizzard Entertainment,MMORPG,3,5.8,1309
ArcheAge,Trion Worlds,MMORPG,3,3.7,773
World of Warcraft: Legion,Blizzard Entertainment,MMORPG,3,7.6,1541
Nether,Nether Productions,MMORPG,3,4.6,124
Age of Conan: Unchained,SCi,MMORPG,3,7.3,112
Aion,NCSOFT,MMORPG,3,6.7,202
Final Fantasy XIV: Stormblood,Square Enix,MMORPG,3,9,1014
World of Warcraft: Shadowlands,Activision,MMORPG,3,2.6,2614
TERA,En Masse Entertainment,MMORPG,3,6.8,801
World of Warcraft Classic,Blizzard Entertainment,MMORPG,3,6.1,286
Star Wars: The Old Republic,Electronic Arts,MMORPG,3,6,2905
Blade & Soul,NCSOFT,MMORPG,3,4.7,282
World of Warcraft: Battle for Azeroth,Blizzard Entertainment,MMORPG,3,2.3,2542
Star Conflict,Gaijin Entertainment,MMORPG,3,6.9,177
World of Warcraft,Blizzard Entertainment,MMORPG,3,7.5,3153
The Elder Scrolls Online: Tamriel Unlimited,Bethesda Softworks,MMORPG,3,7.6,1015
Albion Online,Sandbox Interactive,MMORPG,3,5.3,232
Black Desert Online,GameOn,MMORPG,3,6.6,1682
APB: Reloaded,GamersFirst,MMORPG,3,5.7,306
Neverwinter,Perfect World Entertainment,MMORPG,3,5.4,472
World of Warcraft: The Burning Crusade,Blizzard Entertainment,MMORPG,3,6,1464
Diablo Immortal,Blizzard Entertainment,MMORPG,3,0.5,6228
The Elder Scrolls Online: Morrowind,Bethesda Softworks,MMORPG,3,6.6,148
Final Fantasy XIV Online,Square Enix,MMORPG,3,3.9,414
WildStar,NCSOFT,MMORPG,3,7.6,962
Infestation: Survivor Stories (The War Z),Arktos Entertainment,MMORPG,3,1.7,3958
Marvel Heroes,Gazillion,MMORPG,3,6.7,658
Guild Wars 2: Heart of Thorns,NCSOFT,MMORPG,3,7.3,991
The Lord of the Rings Online: Shadows of Angmar,Midway,MMORPG,3,7.7,180
Lost Ark,Amazon Game Studios,MMORPG,3,5.2,627
The Elder Scrolls Online: Summerset,Bethesda Softworks,MMORPG,3,6.1,141
World of Warcraft: Mists of Pandaria,Blizzard Entertainment,MMORPG,3,5.8,1746
FORGE (2012),Dark Vale Games,MMORPG,3,7.5,180
The Elder Scrolls Online,Bethesda Softworks,MMORPG,3,5.7,2735
Final Fantasy XIV: Heavensward,Square Enix,MMORPG,3,8.7,655
Rift (2011),Trion Worlds,MMORPG,3,7.2,588
Star Trek Online,Atari SA,MMORPG,3,6.4,312
Guild Wars 2: Path of Fire,ArenaNet,MMORPG,3,7.3,272
World of Warcraft: Dragonflight,Activision,MMORPG,3,3.3,920
Final Fantasy XIV Online: A Realm Reborn,Square Enix,MMORPG,3,7.8,943
World of Warcraft: Wrath of the Lich King,Blizzard Entertainment,MMORPG,3,8,1367
The Secret World,Funcom,MMORPG,3,8.3,1303
World of Warcraft: Warlords of Draenor,Blizzard Entertainment,MMORPG,3,3.8,2186
Guild Wars 2,NCSOFT,MMORPG,3,8,3218
Lineage II,NCSOFT,MMORPG,3,7.1,116
Final Fantasy XIV: Endwalker,Square Enix,MMORPG,3,8.9,1886
God of War: Chains of Olympus,SCEA,Action,0,8.6,1047
A Way Out,Electronic Arts,Action,0,7.9,1118
Lichdom: Battlemage,Xaviant,Action,0,6.8,181
A Plague Tale: Innocence,Focus Home Interactive,Action,0,8.4,1586
Devil May Cry 4,Capcom,Action,0,8.5,507
Hitman: Codename 47,Eidos Interactive,Action,0,7.5,319
Uncharted 3: Drake's Deception,SCEA,Action,0,8.4,5642
DmC: Devil May Cry Definitive Edition,Capcom,Action,0,7.5,763
Uncharted: Drake's Fortune,SCEA,Action,0,7.8,3802
Brothers: A Tale of Two Sons,505 Games,Action,0,8.6,389
Spider-Man: Shattered Dimensions,Activision,Action,0,7.9,160
Dead Space 3,Electronic Arts,Action,0,6.5,834
Bayonetta 3,Nintendo,Action,0,7.2,706
The Last of Us Remastered,SCEA,Action,0,9.2,20141
Star Wars: The Force Unleashed,LucasArts,Action,0,7,330
Tomb Raider (1996),Eidos Interactive,Action,0,8.3,334
Star Wars Jedi Knight II: Jedi Outcast,Activision,Action,0,8.6,511
ICO,SCEA,Action,0,8.7,478
Uncharted 4: A Thief's End,Sony Interactive Entertainment,Action,0,8.8,17412
Bayonetta 2,Nintendo,Action,0,8.9,1408
Devil May Cry 3: Special Edition,Capcom,Action,0,8.3,138
The Legend of Korra,Activision,Action,0,6.6,117
God of War (2005),SCEA,Action,0,8.9,2472
Lara Croft and the Temple of Osiris,Square Enix,Action,0,6.6,182
FAR: Lone Sails,Mixtvision,Action,0,7.8,198
God of War: Ascension,SCEA,Action,0,7.8,1527
Bayonetta,Sega,Action,0,8.3,640
Knack 2,Sony Interactive Entertainment,Action,0,7.9,546
Devil May Cry 3: Dante's Awakening,Capcom,Action,0,9,547
Assassin's Creed Chronicles: China,Ubisoft,Action,0,6,131
God of War III,SCEA,Action,0,9,3187
The Last Guardian,Sony Interactive Entertainment,Action,0,7.9,2815
Rise of the Tomb Raider,Square Enix,Action,0,8,1679
Devil May Cry,Capcom,Action,0,8.6,958
It Takes Two,Electronic Arts,Action,0,9,1203
The Order: 1886,SCEA,Action,0,6.8,4117
Magicka,Paradox Interactive,Action,0,7.6,681
Rise of the Tomb Raider: 20 Year Celebration,Square Enix,Action,0,8,2092
The Last of Us: Left Behind,SCEA,Action,0,5,3248
God of War,Sony Interactive Entertainment,Action,0,9.1,24855
Uncharted 2: Among Thieves,SCEA,Action,0,8.8,6648
Little Nightmares II,Bandai Namco Games,Action,0,8.6,427
Marvel's Guardians of the Galaxy,Square Enix,Action,0,8.6,1895
The Last of Us,SCEA,Action,0,9.2,14920
Uncharted: Golden Abyss,SCEA,Action,0,7.6,952
Tomb Raider: Definitive Edition,Square Enix,Action,0,8.1,2019
DmC: Devil May Cry,Capcom,Action,0,5.5,1576
The Deadly Tower of Monsters,Atlus,Action,0,7.1,100
God of War: Ghost of Sparta,SCEA,Action,0,8.9,854
Ryse: Son of Rome,Microsoft Game Studios,Action,0,6.4,1811
Tomb Raider,Square Enix,Action,0,8.5,1435
A Plague Tale: Requiem,Focus Entertainment,Action,0,8.2,826
Dante's Inferno,Electronic Arts,Action,0,7.7,221
DARK (2013),Kalypso,Action,0,4.2,272
Alan Wake's American Nightmare,Microsoft Game Studios,Action,0,7.6,216
The Quiet Man,Square Enix,Action,0,1.8,167
Deadpool,Activision,Action,0,7.4,404
Devil May Cry 2,Capcom,Action,0,6.1,474
Tomb Raider III: Adventures of Lara Croft,Eidos Interactive,Action,0,8.1,130
Prince of Persia: The Sands of Time,Ubisoft,Action,0,8.7,416
God of War III Remastered,SCEA,Action,0,8.3,1639
Little Nightmares,Bandai Namco Games,Action,0,8,609
Little Nightmares: Complete Edition,Bandai Namco Games,Action,0,8.1,224
Devil May Cry 4: Special Edition,Capcom,Action,0,8.6,203
Bayonetta Origins: Cereza and the Lost Demon,Nintendo,Action,0,8.5,124
Knack,SCEA,Action,0,6.5,1382
Hotline Miami,Devolver Digital,Action,0,8.6,2088
Rain,SCEA,Action,0,7.9,186
God of War II,SCEA,Action,0,9.1,1908
The Last of Us Part I,Sony Interactive Entertainment,Action,0,7.2,3130
Tomb Raider: Legend,Eidos Interactive,Action,0,7.9,107
Trek to Yomi,Devolver Digital,Action,0,6.1,152
Hotline Miami 2: Wrong Number,Devolver Digital,Action,0,7.8,853